// Generated by tools/generate_button_feedback_masks.cpp; do not edit.
#pragma once

#include <stddef.h>
#include <stdint.h>

namespace watchbuttonmasks {
constexpr size_t DecodedSize = 754785;
constexpr size_t EncodedSize = 29969;
static const uint8_t Encoded[EncodedSize] = {
    0x7F, 0x7F, 0x7F, 0x7F, 0x7F, 0x7F, 0x7F, 0x7F, 0x7F, 0x7F, 0x7F, 0x7F, 0x7F, 0x7F, 0x7F, 0x7F,
    0x7F, 0x7F, 0x7F, 0x7F, 0x7F, 0x7F, 0x7F, 0x7F, 0x7F, 0x7F, 0x7F, 0x7F, 0x7F, 0x7F, 0x7F, 0x7F,
    0x7F, 0x7F, 0x7F, 0x7F, 0x7F, 0x7F, 0x7F, 0x7F, 0x7F, 0x7F, 0x7F, 0x7F, 0x7F, 0x7F, 0x7F, 0x7F,
    0x7F, 0x7F, 0x7F, 0x7F, 0x7F, 0x7F, 0x7F, 0x7F, 0x7F, 0x7F, 0x7F, 0x7F, 0x7F, 0x7F, 0x7F, 0x7F,
    0x7F, 0x7F, 0x7F, 0x7F, 0x7F, 0x7F, 0x7F, 0x7F, 0x7F, 0x7F, 0x7F, 0x7F, 0x7F, 0x7F, 0x7F, 0x7F,
    0x7F, 0x7F, 0x7F, 0x7F, 0x7F, 0x7F, 0x7F, 0x7F, 0x7F, 0x7F, 0x7F, 0x7F, 0x7F, 0x7F, 0x7F, 0x7F,
    0x7F, 0x7F, 0x7F, 0x7F, 0x7F, 0x7F, 0x7F, 0x7F, 0x7F, 0x7F, 0x7F, 0x7F, 0x7F, 0x7F, 0x7F, 0x7F,
    0x7F, 0x7F, 0x7F, 0x7F, 0x7F, 0x7F, 0x7F, 0x7F, 0x7F, 0x7F, 0x7F, 0x7F, 0x7F, 0x7F, 0x7F, 0x7F,
    0x7F, 0x7F, 0x7F, 0x7F, 0x7F, 0x7F, 0x7F, 0x7F, 0x7F, 0x7F, 0x7F, 0x7F, 0x7F, 0x7F, 0x7F, 0x7F,
    0x7F, 0x7F, 0x7F, 0x7F, 0x7F, 0x7F, 0x7F, 0x7F, 0x7F, 0x7F, 0x7F, 0x7F, 0x7F, 0x7F, 0x7F, 0x7F,
    0x7D, 0x00, 0x67, 0x7F, 0x7F, 0x5D, 0x01, 0xA6, 0x2E, 0x7F, 0x7F, 0x5C, 0x02, 0x96, 0xFF, 0x1C,
    0x7F, 0x7F, 0x5B, 0x03, 0x83, 0xFF, 0xFF, 0x1F, 0x7F, 0x7F, 0x5A, 0x00, 0x6E, 0x82, 0x00, 0x2D,
    0x7F, 0x7F, 0x59, 0x00, 0x57, 0x83, 0x00, 0x3E, 0x7F, 0x7F, 0x58, 0x00, 0x3E, 0x84, 0x00, 0x4E,
    0x7F, 0x7F, 0x57, 0x01, 0x23, 0xE5, 0x84, 0x00, 0x57, 0x7F, 0x7F, 0x56, 0x01, 0x05, 0xC8, 0x85,
    0x00, 0x57, 0x7F, 0x7F, 0x56, 0x00, 0xA9, 0x86, 0x00, 0x49, 0x7F, 0x7F, 0x55, 0x00, 0x89, 0x87,
    0x00, 0x2A, 0x7F, 0x7F, 0x54, 0x00, 0x66, 0x88, 0x7F, 0x7F, 0x54, 0x00, 0x40, 0x88, 0x00, 0xB7,
    0x7F, 0x7F, 0x53, 0x01, 0x19, 0xE0, 0x88, 0x00, 0x47, 0x7F, 0x7F, 0x53, 0x00, 0xB8, 0x88, 0x00,
    0x85, 0x7F, 0x7F, 0x53, 0x00, 0x8D, 0x88, 0x00, 0x6F, 0x7F, 0x7F, 0x53, 0x00, 0x60, 0x86, 0x02,
    0xD4, 0x74, 0x07, 0x7F, 0x7F, 0x53, 0x07, 0x31, 0xFC, 0xFF, 0xE4, 0xB7, 0x89, 0x59, 0x24, 0x7F,
    0x7F, 0x57, 0x01, 0x6C, 0x0A, 0x7F, 0x7F, 0x7F, 0x7F, 0x7F, 0x7F, 0x7F, 0x7F, 0x7F, 0x7F, 0x7F,
    0x7F, 0x7F, 0x7F, 0x7F, 0x7F, 0x7F, 0x7F, 0x7F, 0x7F, 0x7F, 0x7F, 0x7F, 0x7F, 0x7F, 0x7F, 0x7F,
    0x7F, 0x7F, 0x7F, 0x7F, 0x7F, 0x7F, 0x7F, 0x7F, 0x7F, 0x7F, 0x7F, 0x7F, 0x7F, 0x7F, 0x7F, 0x7F,
    0x7F, 0x7F, 0x7F, 0x7F, 0x7F, 0x7F, 0x7F, 0x7F, 0x7F, 0x7F, 0x7F, 0x7F, 0x7F, 0x7F, 0x7F, 0x7F,
    0x7F, 0x7F, 0x7F, 0x7F, 0x7F, 0x7F, 0x7F, 0x7F, 0x7F, 0x7F, 0x7F, 0x7F, 0x7F, 0x7F, 0x7F, 0x7F,
    0x7F, 0x7F, 0x7F, 0x7F, 0x7F, 0x7F, 0x7F, 0x7F, 0x7F, 0x7F, 0x7F, 0x7F, 0x7F, 0x7F, 0x7F, 0x7F,
    0x7F, 0x7F, 0x7F, 0x7F, 0x7F, 0x7F, 0x7F, 0x7F, 0x7F, 0x7F, 0x7F, 0x7F, 0x7F, 0x7F, 0x7F, 0x7F,
    0x7F, 0x7F, 0x7F, 0x7F, 0x7F, 0x7F, 0x7F, 0x7F, 0x7F, 0x7F, 0x7F, 0x7F, 0x7F, 0x7F, 0x7F, 0x7F,
    0x7F, 0x7F, 0x7F, 0x7F, 0x7F, 0x7F, 0x7F, 0x7F, 0x7F, 0x7F, 0x7F, 0x7F, 0x7F, 0x7F, 0x7F, 0x7F,
    0x7F, 0x7F, 0x7F, 0x7F, 0x7F, 0x7F, 0x7F, 0x7F, 0x7F, 0x7F, 0x7F, 0x7F, 0x7F, 0x7F, 0x7F, 0x7F,
    0x7F, 0x7F, 0x7F, 0x7F, 0x7F, 0x7F, 0x7F, 0x7F, 0x7F, 0x7F, 0x7F, 0x7F, 0x7F, 0x7F, 0x7F, 0x7F,
    0x7F, 0x7F, 0x7F, 0x7F, 0x7F, 0x7F, 0x7F, 0x7F, 0x7F, 0x7F, 0x7F, 0x7F, 0x7F, 0x7F, 0x7F, 0x7F,
    0x7F, 0x7F, 0x7F, 0x7F, 0x7F, 0x7F, 0x7F, 0x7F, 0x7F, 0x7F, 0x7F, 0x7F, 0x7F, 0x7F, 0x7F, 0x7F,
    0x7F, 0x7F, 0x7F, 0x7F, 0x7F, 0x7F, 0x7F, 0x7F, 0x7F, 0x7F, 0x7F, 0x7F, 0x7F, 0x7F, 0x7F, 0x7F,
    0x7F, 0x7F, 0x7F, 0x7F, 0x7F, 0x7F, 0x7F, 0x7F, 0x7F, 0x7F, 0x7F, 0x7F, 0x7F, 0x7F, 0x7F, 0x7F,
    0x7F, 0x7F, 0x7F, 0x7F, 0x7F, 0x7F, 0x7F, 0x7F, 0x7F, 0x7F, 0x7F, 0x7F, 0x7F, 0x7F, 0x7F, 0x7F,
    0x7F, 0x7F, 0x7F, 0x7F, 0x7F, 0x7F, 0x7F, 0x7F, 0x7F, 0x7F, 0x7F, 0x7F, 0x7F, 0x7F, 0x7F, 0x7F,
    0x7F, 0x7F, 0x7F, 0x7F, 0x7F, 0x7F, 0x7F, 0x7F, 0x7F, 0x7F, 0x7F, 0x7F, 0x7F, 0x7F, 0x7F, 0x7F,
    0x7F, 0x7F, 0x7F, 0x7F, 0x7F, 0x7F, 0x7F, 0x7F, 0x7F, 0x7F, 0x7F, 0x7F, 0x7F, 0x7F, 0x7F, 0x7F,
    0x7F, 0x7F, 0x7F, 0x7F, 0x7F, 0x7F, 0x7F, 0x7F, 0x7F, 0x7F, 0x7F, 0x7F, 0x7F, 0x7F, 0x7F, 0x7F,
    0x7F, 0x7F, 0x7F, 0x7F, 0x7F, 0x7F, 0x7F, 0x7F, 0x7F, 0x7F, 0x7F, 0x7F, 0x7F, 0x7F, 0x7F, 0x7F,
    0x7F, 0x7F, 0x7F, 0x7F, 0x7F, 0x7F, 0x7F, 0x7F, 0x7F, 0x7F, 0x7F, 0x7F, 0x7F, 0x7F, 0x7F, 0x7F,
    0x7F, 0x7F, 0x7F, 0x7F, 0x7F, 0x7F, 0x7F, 0x7F, 0x7F, 0x7F, 0x7F, 0x7F, 0x7F, 0x7F, 0x7F, 0x7F,
    0x7F, 0x7F, 0x7F, 0x7F, 0x7F, 0x7F, 0x7F, 0x7F, 0x7F, 0x7F, 0x7F, 0x7F, 0x7F, 0x7F, 0x7F, 0x7F,
    0x7F, 0x7F, 0x7F, 0x7F, 0x7F, 0x7F, 0x7F, 0x7F, 0x7A, 0x00, 0x92, 0x7F, 0x7F, 0x5D, 0x01, 0xA6,
    0x0B, 0x7F, 0x7F, 0x5B, 0x02, 0x06, 0xB4, 0x8E, 0x7F, 0x7F, 0x5B, 0x03, 0x11, 0xC0, 0xFF, 0x26,
    0x7F, 0x7F, 0x5A, 0x03, 0x1A, 0xCA, 0xFF, 0xD6, 0x7F, 0x7F, 0x5A, 0x04, 0x21, 0xD2, 0xFF, 0xFF,
    0x7E, 0x7F, 0x7F, 0x59, 0x01, 0x25, 0xD7, 0x82, 0x00, 0x2A, 0x7F, 0x7F, 0x58, 0x01, 0x27, 0xDB,
    0x82, 0x00, 0xF8, 0x7F, 0x7F, 0x58, 0x01, 0x27, 0xDC, 0x83, 0x00, 0xAC, 0x7F, 0x7F, 0x57, 0x01,
    0x25, 0xDB, 0x84, 0x00, 0x61, 0x7F, 0x7F, 0x56, 0x01, 0x21, 0xD7, 0x85, 0x00, 0x18, 0x7F, 0x7F,
    0x55, 0x01, 0x1A, 0xD2, 0x85, 0x00, 0xF2, 0x7F, 0x7F, 0x55, 0x01, 0x11, 0xCA, 0x86, 0x00, 0xAA,
    0x7F, 0x7F, 0x54, 0x01, 0x06, 0xC0, 0x87, 0x00, 0x61, 0x7F, 0x7F, 0x54, 0x00, 0xB4, 0x88, 0x00,
    0x19, 0x7F, 0x7F, 0x53, 0x00, 0xA6, 0x88, 0x00, 0xEB, 0x7F, 0x7F, 0x53, 0x00, 0x96, 0x89, 0x00,
    0x9E, 0x7F, 0x7F, 0x52, 0x00, 0x83, 0x8A, 0x00, 0x50, 0x7F, 0x7F, 0x51, 0x00, 0x6E, 0x8B, 0x7F,
    0x7F, 0x51, 0x00, 0x57, 0x8B, 0x00, 0xBC, 0x7F, 0x7F, 0x50, 0x00, 0x3E, 0x8C, 0x00, 0x64, 0x7F,
    0x7F, 0x4F, 0x01, 0x23, 0xE5, 0x8C, 0x00, 0x09, 0x7F, 0x7F, 0x4E, 0x01, 0x05, 0xC8, 0x8C, 0x00,
    0xAC, 0x7F, 0x7F, 0x4F, 0x00, 0xA9, 0x8D, 0x00, 0x46, 0x7F, 0x7F, 0x4E, 0x00, 0x89, 0x8D, 0x00,
    0xD2, 0x7F, 0x7F, 0x4E, 0x00, 0x66, 0x8E, 0x00, 0x61, 0x7F, 0x7F, 0x4D, 0x00, 0x40, 0x8E, 0x00,
    0xD4, 0x7F, 0x7F, 0x4D, 0x01, 0x19, 0xE0, 0x8E, 0x00, 0x56, 0x7F, 0x7F, 0x4D, 0x00, 0xB8, 0x8E,
    0x00, 0xAE, 0x7F, 0x7F, 0x4D, 0x00, 0x8D, 0x8E, 0x01, 0xF5, 0x22, 0x7F, 0x7F, 0x4C, 0x00, 0x60,
    0x8F, 0x00, 0x5E, 0x7F, 0x7F, 0x4C, 0x01, 0x31, 0xFC, 0x8E, 0x00, 0x88, 0x7F, 0x7F, 0x4D, 0x00,
    0xCB, 0x8E, 0x00, 0x9F, 0x7F, 0x7F, 0x4D, 0x00, 0x99, 0x8E, 0x00, 0xA4, 0x7F, 0x7F, 0x4D, 0x00,
    0x64, 0x8E, 0x00, 0x97, 0x7F, 0x7F, 0x4D, 0x01, 0x2E, 0xFC, 0x8D, 0x00, 0x77, 0x7F, 0x7F, 0x4E,
    0x00, 0xC4, 0x8C, 0x01, 0xE2, 0x47, 0x7F, 0x7F, 0x4E, 0x00, 0x8A, 0x8C, 0x01, 0x9A, 0x06, 0x7F,
    0x7F, 0x4E, 0x00, 0x4D, 0x8B, 0x01, 0xCF, 0x43, 0x7F, 0x7F, 0x4F, 0x01, 0x0F, 0xE0, 0x89, 0x01,
    0xEA, 0x65, 0x7F, 0x7F, 0x51, 0x00, 0xA1, 0x88, 0x01, 0xEE, 0x6F, 0x7F, 0x7F, 0x52, 0x00, 0x5F,
    0x87, 0x01, 0xE2, 0x66, 0x7F, 0x7F, 0x53, 0x01, 0x1B, 0xEE, 0x85, 0x01, 0xC9, 0x50, 0x7F, 0x7F,
    0x55, 0x00, 0xA9, 0x84, 0x01, 0xAB, 0x32, 0x7F, 0x7F, 0x56, 0x00, 0x62, 0x83, 0x01, 0x90, 0x14,
    0x7F, 0x7F, 0x57, 0x04, 0x19, 0xEE, 0xFF, 0xFF, 0x80, 0x7F, 0x7F, 0x5A, 0x02, 0xA4, 0xFF, 0x86,
    0x7F, 0x7F, 0x5B, 0x02, 0x57, 0xB3, 0x1D, 0x7F, 0x7F, 0x5B, 0x01, 0x09, 0x75, 0x7F, 0x7F, 0x5D,
    0x00, 0x70, 0x7F, 0x7F, 0x7F, 0x7F, 0x7F, 0x7F, 0x7F, 0x7F, 0x7F, 0x7F, 0x7F, 0x7F, 0x7F, 0x7F,
    0x7F, 0x7F, 0x7F, 0x7F, 0x7F, 0x7F, 0x7F, 0x7F, 0x7F, 0x7F, 0x7F, 0x7F, 0x7F, 0x7F, 0x7F, 0x7F,
    0x7F, 0x7F, 0x7F, 0x7F, 0x7F, 0x7F, 0x7F, 0x7F, 0x7F, 0x7F, 0x7F, 0x7F, 0x7F, 0x7F, 0x7F, 0x7F,
    0x7F, 0x7F, 0x7F, 0x7F, 0x7F, 0x7F, 0x7F, 0x7F, 0x7F, 0x7F, 0x7F, 0x7F, 0x7F, 0x7F, 0x7F, 0x7F,
    0x7F, 0x7F, 0x7F, 0x7F, 0x7F, 0x7F, 0x7F, 0x7F, 0x7F, 0x7F, 0x7F, 0x7F, 0x7F, 0x7F, 0x7F, 0x7F,
    0x7F, 0x7F, 0x7F, 0x7F, 0x7F, 0x7F, 0x7F, 0x7F, 0x7F, 0x7F, 0x7F, 0x7F, 0x7F, 0x7F, 0x7F, 0x7F,
    0x7F, 0x7F, 0x7F, 0x7F, 0x7F, 0x7F, 0x7F, 0x7F, 0x7F, 0x7F, 0x7F, 0x7F, 0x7F, 0x7F, 0x7F, 0x7F,
    0x7F, 0x7F, 0x7F, 0x7F, 0x7F, 0x7F, 0x7F, 0x7F, 0x7F, 0x7F, 0x7F, 0x7F, 0x7F, 0x7F, 0x7F, 0x7F,
    0x7F, 0x7F, 0x7F, 0x7F, 0x7F, 0x7F, 0x7F, 0x7F, 0x7F, 0x7F, 0x7F, 0x7F, 0x7F, 0x7F, 0x7F, 0x7F,
    0x7F, 0x7F, 0x7F, 0x7F, 0x7F, 0x7F, 0x7F, 0x7F, 0x7F, 0x7F, 0x7F, 0x7F, 0x7F, 0x7F, 0x7F, 0x7F,
    0x7F, 0x7F, 0x7F, 0x7F, 0x7F, 0x7F, 0x7F, 0x7F, 0x7F, 0x7F, 0x7F, 0x7F, 0x7F, 0x7F, 0x7F, 0x7F,
    0x7F, 0x7F, 0x7F, 0x7F, 0x7F, 0x7F, 0x7F, 0x7F, 0x7F, 0x7F, 0x7F, 0x7F, 0x7F, 0x7F, 0x7F, 0x7F,
    0x7F, 0x7F, 0x7F, 0x7F, 0x7F, 0x7F, 0x7F, 0x7F, 0x7F, 0x7F, 0x7F, 0x7F, 0x7F, 0x7F, 0x7F, 0x7F,
    0x7F, 0x7F, 0x7F, 0x7F, 0x7F, 0x7F, 0x7F, 0x7F, 0x7F, 0x7F, 0x7F, 0x7F, 0x7F, 0x7F, 0x7F, 0x7F,
    0x7F, 0x7F, 0x7F, 0x7F, 0x7F, 0x7F, 0x7F, 0x7F, 0x7F, 0x7F, 0x7F, 0x7F, 0x7F, 0x7F, 0x7F, 0x7F,
    0x7F, 0x7F, 0x7F, 0x7F, 0x7F, 0x7F, 0x7F, 0x7F, 0x7F, 0x7F, 0x7F, 0x7F, 0x7F, 0x7F, 0x7F, 0x7F,
    0x7F, 0x7F, 0x7F, 0x7F, 0x7F, 0x7F, 0x7F, 0x7F, 0x7F, 0x7F, 0x7F, 0x7F, 0x7F, 0x7F, 0x7F, 0x7F,
    0x7F, 0x7F, 0x7F, 0x7F, 0x7F, 0x7F, 0x7F, 0x7F, 0x7F, 0x7F, 0x7F, 0x7F, 0x7F, 0x7F, 0x7F, 0x7F,
    0x7F, 0x7F, 0x7F, 0x7F, 0x7F, 0x7F, 0x7F, 0x7F, 0x7F, 0x7F, 0x7F, 0x7F, 0x7F, 0x7F, 0x7F, 0x7F,
    0x7F, 0x7F, 0x7F, 0x7A, 0x00, 0x2E, 0x7F, 0x7F, 0x5D, 0x01, 0x64, 0x23, 0x7F, 0x7F, 0x5C, 0x01,
    0x99, 0x3D, 0x7F, 0x7F, 0x5B, 0x02, 0x31, 0xCB, 0x72, 0x7F, 0x7F, 0x5B, 0x02, 0x60, 0xFC, 0xBB,
    0x7F, 0x7F, 0x5B, 0x03, 0x8D, 0xFF, 0xFF, 0x2A, 0x7F, 0x7F, 0x59, 0x04, 0x19, 0xB8, 0xFF, 0xFF,
    0x88, 0x7F, 0x7F, 0x59, 0x04, 0x40, 0xE0, 0xFF, 0xFF, 0xF2, 0x7F, 0x7F, 0x59, 0x00, 0x66, 0x83,
    0x00, 0x6F, 0x7F, 0x7F, 0x58, 0x00, 0x89, 0x83, 0x00, 0xE6, 0x7F, 0x7F, 0x57, 0x01, 0x05, 0xA9,
    0x84, 0x00, 0x69, 0x7F, 0x7F, 0x56, 0x01, 0x23, 0xC8, 0x84, 0x00, 0xEB, 0x7F, 0x7F, 0x56, 0x01,
    0x3E, 0xE5, 0x85, 0x00, 0x72, 0x7F, 0x7F, 0x55, 0x00, 0x57, 0x86, 0x00, 0xFC, 0x7F, 0x7F, 0x55,
    0x00, 0x6E, 0x87, 0x00, 0x87, 0x7F, 0x7F, 0x54, 0x00, 0x83, 0x88, 0x00, 0x13, 0x7F, 0x7F, 0x53,
    0x00, 0x96, 0x88, 0x00, 0xA4, 0x7F, 0x7F, 0x53, 0x00, 0xA6, 0x89, 0x00, 0x32, 0x7F, 0x7F, 0x51,
    0x01, 0x06, 0xB4, 0x89, 0x00, 0xC6, 0x7F, 0x7F, 0x51, 0x01, 0x11, 0xC0, 0x8A, 0x00, 0x56, 0x7F,
    0x7F, 0x50, 0x01, 0x1A, 0xCA, 0x8A, 0x00, 0xEB, 0x7F, 0x7F, 0x50, 0x01, 0x21, 0xD2, 0x8B, 0x00,
    0x7D, 0x7F, 0x7F, 0x4F, 0x01, 0x25, 0xD7, 0x8C, 0x00, 0x0F, 0x7F, 0x7F, 0x4E, 0x01, 0x27, 0xDB,
    0x8C, 0x00, 0xA3, 0x7F, 0x7F, 0x4E, 0x01, 0x27, 0xDC, 0x8D, 0x00, 0x35, 0x7F, 0x7F, 0x4D, 0x01,
    0x25, 0xDB, 0x8D, 0x00, 0xC8, 0x7F, 0x7F, 0x4D, 0x01, 0x21, 0xD7, 0x8E, 0x00, 0x59, 0x7F, 0x7F,
    0x4C, 0x01, 0x1A, 0xD2, 0x8E, 0x00, 0xE8, 0x7F, 0x7F, 0x4C, 0x01, 0x11, 0xCA, 0x8F, 0x00, 0x78,
    0x7F, 0x7F, 0x4B, 0x01, 0x06, 0xC0, 0x90, 0x00, 0x08, 0x7F, 0x7F, 0x4B, 0x00, 0xB4, 0x90, 0x00,
    0x91, 0x7F, 0x7F, 0x4B, 0x00, 0xA6, 0x91, 0x00, 0x1F, 0x7F, 0x7F, 0x4A, 0x00, 0x96, 0x91, 0x00,
    0xA2, 0x7F, 0x7F, 0x4A, 0x00, 0x83, 0x92, 0x00, 0x2D, 0x7F, 0x7F, 0x49, 0x00, 0x6E, 0x92, 0x00,
    0xA9, 0x7F, 0x7F, 0x49, 0x00, 0x57, 0x93, 0x00, 0x31, 0x7F, 0x7F, 0x48, 0x00, 0x3E, 0x93, 0x00,
    0xA6, 0x7F, 0x7F, 0x48, 0x01, 0x23, 0xE5, 0x93, 0x00, 0x2A, 0x7F, 0x7F, 0x47, 0x01, 0x05, 0xC8,
    0x93, 0x00, 0x96, 0x7F, 0x7F, 0x48, 0x00, 0xA9, 0x93, 0x01, 0xFC, 0x17, 0x7F, 0x7F, 0x47, 0x00,
    0x89, 0x94, 0x00, 0x79, 0x7F, 0x7F, 0x47, 0x00, 0x66, 0x94, 0x00, 0xD5, 0x7F, 0x7F, 0x47, 0x00,
    0x40, 0x95, 0x00, 0x4E, 0x7F, 0x7F, 0x46, 0x01, 0x19, 0xE0, 0x94, 0x00, 0x9F, 0x7F, 0x7F, 0x47,
    0x00, 0xB8, 0x94, 0x01, 0xEA, 0x13, 0x7F, 0x7F, 0x46, 0x00, 0x8D, 0x95, 0x00, 0x5A, 0x7F, 0x7F,
    0x46, 0x00, 0x60, 0x95, 0x00, 0x99, 0x7F, 0x7F, 0x46, 0x01, 0x31, 0xFC, 0x94, 0x01, 0xD1, 0x04,
    0x7F, 0x7F, 0x46, 0x00, 0xCB, 0x95, 0x00, 0x38, 0x7F, 0x7F, 0x46, 0x00, 0x99, 0x95, 0x00, 0x64,
    0x7F, 0x7F, 0x46, 0x00, 0x64, 0x95, 0x00, 0x8A, 0x7F, 0x7F, 0x46, 0x01, 0x2E, 0xFC, 0x94, 0x00,
    0xA7, 0x7F, 0x7F, 0x47, 0x00, 0xC4, 0x94, 0x00, 0xBD, 0x7F, 0x7F, 0x47, 0x00, 0x8A, 0x94, 0x01,
    0xCC, 0x11, 0x7F, 0x7F, 0x46, 0x00, 0x4D, 0x94, 0x01, 0xD3, 0x1B, 0x7F, 0x7F, 0x46, 0x01, 0x0F,
    0xE0, 0x93, 0x01, 0xD3, 0x1E, 0x7F, 0x7F, 0x47, 0x00, 0xA1, 0x93, 0x01, 0xCC, 0x1A, 0x7F, 0x7F,
    0x47, 0x00, 0x5F, 0x93, 0x01, 0xBE, 0x0F, 0x7F, 0x7F, 0x47, 0x01, 0x1B, 0xEE, 0x92, 0x00, 0xA9,
    0x7F, 0x7F, 0x49, 0x00, 0xA9, 0x92, 0x00, 0x8D, 0x7F, 0x7F, 0x49, 0x00, 0x62, 0x92, 0x00, 0x6C,
    0x7F, 0x7F, 0x49, 0x01, 0x19, 0xEE, 0x90, 0x01, 0xE8, 0x44, 0x7F, 0x7F, 0x4A, 0x00, 0xA4, 0x90,
    0x01, 0xB8, 0x16, 0x7F, 0x7F, 0x4A, 0x00, 0x57, 0x90, 0x00, 0x83, 0x7F, 0x7F, 0x4B, 0x01, 0x09,
    0xE0, 0x8E, 0x01, 0xE6, 0x48, 0x7F, 0x7F, 0x4C, 0x00, 0x90, 0x8E, 0x01, 0xA6, 0x09, 0x7F, 0x7F,
    0x4C, 0x00, 0x3E, 0x8D, 0x01, 0xFD, 0x62, 0x7F, 0x7F, 0x4E, 0x00, 0xC4, 0x8C, 0x01, 0xB4, 0x19,
    0x7F, 0x7F, 0x4E, 0x00, 0x6E, 0x8C, 0x00, 0x68, 0x7F, 0x7F, 0x4F, 0x01, 0x17, 0xF2, 0x8A, 0x01,
    0xB2, 0x19, 0x7F, 0x7F, 0x50, 0x00, 0x99, 0x89, 0x01, 0xFB, 0x61, 0x7F, 0x7F, 0x51, 0x00, 0x3E,
    0x89, 0x01, 0xA9, 0x0F, 0x7F, 0x7F, 0x52, 0x00, 0xBE, 0x87, 0x01, 0xF0, 0x56, 0x7F, 0x7F, 0x53,
    0x00, 0x60, 0x87, 0x01, 0x9E, 0x03, 0x7F, 0x7F, 0x54, 0x00, 0xDE, 0x85, 0x01, 0xEB, 0x4E, 0x7F,
    0x7F, 0x55, 0x00, 0x7C, 0x85, 0x00, 0x9D, 0x7F, 0x7F, 0x56, 0x01, 0x19, 0xF8, 0x83, 0x01, 0xF3,
    0x52, 0x7F, 0x7F, 0x57, 0x00, 0x93, 0x83, 0x01, 0xAE, 0x0B, 0x7F, 0x7F, 0x57, 0x00, 0x2D, 0x83,
    0x00, 0x6E, 0x7F, 0x7F, 0x59, 0x04, 0xA5, 0xFF, 0xFF, 0xDE, 0x35, 0x7F, 0x7F, 0x59, 0x04, 0x3B,
    0xFF, 0xFF, 0xB0, 0x03, 0x7F, 0x7F, 0x5A, 0x02, 0xB1, 0xFF, 0x8A, 0x7F, 0x7F, 0x5B, 0x02, 0x44,
    0xFF, 0x70, 0x7F, 0x7F, 0x5C, 0x01, 0xB8, 0x64, 0x7F, 0x7F, 0x5C, 0x01, 0x47, 0x69, 0x7F, 0x7F,
    0x5D, 0x00, 0x84, 0x7F, 0x7F, 0x5D, 0x00, 0x45, 0x7F, 0x7F, 0x7F, 0x7F, 0x7F, 0x7F, 0x7F, 0x7F,
    0x7F, 0x7F, 0x7F, 0x7F, 0x7F, 0x7F, 0x7F, 0x7F, 0x7F, 0x7F, 0x7F, 0x7F, 0x7F, 0x7F, 0x7F, 0x7F,
    0x7F, 0x7F, 0x7F, 0x7F, 0x7F, 0x7F, 0x7F, 0x7F, 0x7F, 0x7F, 0x7F, 0x7F, 0x7F, 0x7F, 0x7F, 0x7F,
    0x7F, 0x7F, 0x7F, 0x7F, 0x7F, 0x7F, 0x7F, 0x7F, 0x7F, 0x7F, 0x7F, 0x7F, 0x7F, 0x7F, 0x7F, 0x7F,
    0x7F, 0x7F, 0x7F, 0x7F, 0x7F, 0x7F, 0x7F, 0x7F, 0x7F, 0x7F, 0x7F, 0x7F, 0x7F, 0x7F, 0x7F, 0x7F,
    0x7F, 0x7F, 0x7F, 0x7F, 0x7F, 0x7F, 0x7F, 0x7F, 0x7F, 0x7F, 0x7F, 0x7F, 0x7F, 0x7F, 0x7F, 0x7F,
    0x7F, 0x7F, 0x7F, 0x7F, 0x7F, 0x7F, 0x7F, 0x7F, 0x7F, 0x7F, 0x7F, 0x7F, 0x7F, 0x7F, 0x7F, 0x7F,
    0x7F, 0x7F, 0x7F, 0x7F, 0x7F, 0x7F, 0x7F, 0x7F, 0x7F, 0x7F, 0x7F, 0x7F, 0x7F, 0x7F, 0x7F, 0x7F,
    0x7F, 0x7F, 0x7F, 0x7F, 0x7F, 0x7F, 0x7F, 0x7F, 0x7F, 0x7F, 0x7F, 0x7F, 0x7F, 0x7F, 0x7F, 0x7F,
    0x7F, 0x7F, 0x7F, 0x7F, 0x7F, 0x7F, 0x7F, 0x7F, 0x7F, 0x7F, 0x7F, 0x7F, 0x7F, 0x7F, 0x7F, 0x7F,
    0x7F, 0x7F, 0x7F, 0x7F, 0x7F, 0x7F, 0x7F, 0x7F, 0x7F, 0x7F, 0x7F, 0x7F, 0x7F, 0x7F, 0x7F, 0x7F,
    0x7F, 0x7F, 0x7F, 0x7F, 0x7F, 0x7F, 0x7F, 0x7F, 0x7F, 0x7F, 0x7F, 0x7F, 0x7F, 0x7F, 0x7F, 0x7F,
    0x7F, 0x7F, 0x7F, 0x7F, 0x7F, 0x7F, 0x7F, 0x7F, 0x7F, 0x7F, 0x7F, 0x7F, 0x7F, 0x7F, 0x7F, 0x7F,
    0x7F, 0x7F, 0x7F, 0x7F, 0x7F, 0x7F, 0x7F, 0x7F, 0x7F, 0x7F, 0x7F, 0x7F, 0x7F, 0x7F, 0x7F, 0x7F,
    0x7F, 0x7F, 0x7F, 0x7F, 0x7F, 0x5A, 0x01, 0x3E, 0x42, 0x7F, 0x7F, 0x5B, 0x02, 0x17, 0x99, 0x0C,
    0x7F, 0x7F, 0x5B, 0x01, 0x6E, 0xA5, 0x7F, 0x7F, 0x5B, 0x02, 0x3E, 0xC4, 0xA6, 0x7F, 0x7F, 0x5A,
    0x03, 0x09, 0x90, 0xFF, 0xB4, 0x7F, 0x7F, 0x5A, 0x04, 0x57, 0xE0, 0xFF, 0xCC, 0x03, 0x7F, 0x7F,
    0x58, 0x05, 0x19, 0xA4, 0xFF, 0xFF, 0xEF, 0x1F, 0x7F, 0x7F, 0x58, 0x01, 0x62, 0xEE, 0x82, 0x00,
    0x46, 0x7F, 0x7F, 0x57, 0x01, 0x1B, 0xA9, 0x83, 0x00, 0x74, 0x7F, 0x7F, 0x57, 0x01, 0x5F, 0xEE,
    0x83, 0x00, 0xA9, 0x7F, 0x7F, 0x56, 0x01, 0x0F, 0xA1, 0x84, 0x01, 0xE5, 0x08, 0x7F, 0x7F, 0x55,
    0x01, 0x4D, 0xE0, 0x85, 0x00, 0x47, 0x7F, 0x7F, 0x55, 0x00, 0x8A, 0x86, 0x00, 0x8B, 0x7F, 0x7F,
    0x54, 0x01, 0x2E, 0xC4, 0x86, 0x00, 0xD5, 0x7F, 0x7F, 0x54, 0x01, 0x64, 0xFC, 0x87, 0x00, 0x3C,
    0x7F, 0x7F, 0x53, 0x00, 0x99, 0x88, 0x00, 0x8C, 0x7F, 0x7F, 0x52, 0x01, 0x31, 0xCB, 0x88, 0x00,
    0xE0, 0x7F, 0x7F, 0x52, 0x01, 0x60, 0xFC, 0x89, 0x00, 0x4D, 0x7F, 0x7F, 0x51, 0x00, 0x8D, 0x8A,
    0x00, 0xA6, 0x7F, 0x7F, 0x50, 0x01, 0x19, 0xB8, 0x8B, 0x00, 0x15, 0x7F, 0x7F, 0x4F, 0x01, 0x40,
    0xE0, 0x8B, 0x00, 0x72, 0x7F, 0x7F, 0x4F, 0x00, 0x66, 0x8C, 0x00, 0xD1, 0x7F, 0x7F, 0x4F, 0x00,
    0x89, 0x8D, 0x00, 0x44, 0x7F, 0x7F, 0x4D, 0x01, 0x05, 0xA9, 0x8D, 0x00, 0xA6, 0x7F, 0x7F, 0x4D,
    0x01, 0x23, 0xC8, 0x8E, 0x00, 0x1B, 0x7F, 0x7F, 0x4C, 0x01, 0x3E, 0xE5, 0x8E, 0x00, 0x80, 0x7F,
    0x7F, 0x4C, 0x00, 0x57, 0x8F, 0x00, 0xE5, 0x7F, 0x7F, 0x4C, 0x00, 0x6E, 0x90, 0x00, 0x5D, 0x7F,
    0x7F, 0x4B, 0x00, 0x83, 0x90, 0x00, 0xC4, 0x7F, 0x7F, 0x4B, 0x00, 0x96, 0x91, 0x00, 0x3C, 0x7F,
    0x7F, 0x4A, 0x00, 0xA6, 0x91, 0x00, 0xA4, 0x7F, 0x7F, 0x49, 0x01, 0x06, 0xB4, 0x92, 0x00, 0x1D,
    0x7F, 0x7F, 0x48, 0x01, 0x11, 0xC0, 0x92, 0x00, 0x85, 0x7F, 0x7F, 0x48, 0x01, 0x1A, 0xCA, 0x92,
    0x00, 0xEC, 0x7F, 0x7F, 0x48, 0x01, 0x21, 0xD2, 0x93, 0x00, 0x66, 0x7F, 0x7F, 0x47, 0x01, 0x25,
    0xD7, 0x93, 0x00, 0xCD, 0x7F, 0x7F, 0x47, 0x01, 0x27, 0xDB, 0x94, 0x00, 0x47, 0x7F, 0x7F, 0x46,
    0x01, 0x27, 0xDC, 0x94, 0x00, 0xAC, 0x7F, 0x7F, 0x46, 0x01, 0x25, 0xDB, 0x95, 0x00, 0x26, 0x7F,
    0x7F, 0x45, 0x01, 0x21, 0xD7, 0x95, 0x00, 0x8A, 0x7F, 0x7F, 0x45, 0x01, 0x1A, 0xD2, 0x95, 0x01,
    0xEC, 0x04, 0x7F, 0x7F, 0x44, 0x01, 0x11, 0xCA, 0x96, 0x00, 0x65, 0x7F, 0x7F, 0x44, 0x01, 0x06,
    0xC0, 0x96, 0x00, 0xC5, 0x7F, 0x7F, 0x45, 0x00, 0xB4, 0x97, 0x00, 0x3E, 0x7F, 0x7F, 0x44, 0x00,
    0xA6, 0x97, 0x00, 0x9B, 0x7F, 0x7F, 0x44, 0x00, 0x96, 0x97, 0x01, 0xF5, 0x12, 0x7F, 0x7F, 0x43,
    0x00, 0x83, 0x98, 0x00, 0x6C, 0x7F, 0x7F, 0x43, 0x00, 0x6E, 0x98, 0x00, 0xC3, 0x7F, 0x7F, 0x43,
    0x00, 0x57, 0x99, 0x00, 0x39, 0x7F, 0x7F, 0x42, 0x00, 0x3E, 0x99, 0x00, 0x8C, 0x7F, 0x7F, 0x42,
    0x01, 0x23, 0xE5, 0x98, 0x00, 0xDC, 0x7F, 0x7F, 0x42, 0x01, 0x05, 0xC8, 0x99, 0x00, 0x4F, 0x7F,
    0x7F, 0x42, 0x00, 0xA9, 0x99, 0x00, 0x9B, 0x7F, 0x7F, 0x42, 0x00, 0x89, 0x99, 0x01, 0xE4, 0x0C,
    0x7F, 0x7F, 0x02, 0x00, 0x00, 0x66, 0x9A, 0x00, 0x53, 0x7F, 0x7F, 0x02, 0x00, 0x00, 0x40, 0x9A,
    0x00, 0x97, 0x7F, 0x7F, 0x03, 0x00, 0x00, 0x19, 0xE0, 0x99, 0x01, 0xD7, 0x04, 0x7F, 0x7F, 0x02,
    0x00, 0x00, 0xB8, 0x9A, 0x00, 0x43, 0x7F, 0x7F, 0x02, 0x00, 0x00, 0x8D, 0x9A, 0x00, 0x7E, 0x7F,
    0x7F, 0x02, 0x00, 0x00, 0x60, 0x9A, 0x00, 0xB6, 0x7F, 0x7F, 0x03, 0x00, 0x00, 0x31, 0xFC, 0x99,
    0x01, 0xEA, 0x1D, 0x7F, 0x7F, 0x02, 0x00, 0x00, 0xCB, 0x9A, 0x00, 0x50, 0x7F, 0x7F, 0x02, 0x00,
    0x00, 0x99, 0x9A, 0x00, 0x7E, 0x7F, 0x7F, 0x02, 0x00, 0x00, 0x64, 0x9A, 0x00, 0xA9, 0x7F, 0x7F,
    0x03, 0x00, 0x00, 0x2E, 0xFC, 0x99, 0x01, 0xD0, 0x0A, 0x7F, 0x7F, 0x02, 0x00, 0x00, 0xC4, 0x99,
    0x01, 0xF3, 0x2F, 0x7F, 0x7F, 0x02, 0x00, 0x00, 0x8A, 0x9A, 0x00, 0x50, 0x7F, 0x7F, 0x02, 0x00,
    0x00, 0x4D, 0x9A, 0x00, 0x6E, 0x7F, 0x7F, 0x03, 0x00, 0x00, 0x0F, 0xE0, 0x99, 0x00, 0x87, 0x7F,
    0x7F, 0x42, 0x00, 0xA1, 0x99, 0x00, 0x9D, 0x7F, 0x7F, 0x42, 0x00, 0x5F, 0x99, 0x00, 0xB0, 0x7F,
    0x7F, 0x42, 0x01, 0x1B, 0xEE, 0x98, 0x01, 0xBF, 0x03, 0x7F, 0x7F, 0x42, 0x00, 0xA9, 0x98, 0x01,
    0xCA, 0x10, 0x7F, 0x7F, 0x42, 0x00, 0x62, 0x98, 0x01, 0xD1, 0x19, 0x7F, 0x7F, 0x42, 0x01, 0x19,
    0xEE, 0x97, 0x01, 0xD6, 0x1E, 0x7F, 0x7F, 0x43, 0x00, 0xA4, 0x97, 0x01, 0xD6, 0x20, 0x7F, 0x7F,
    0x43, 0x00, 0x57, 0x97, 0x01, 0xD4, 0x1F, 0x7F, 0x7F, 0x43, 0x01, 0x09, 0xE0, 0x96, 0x01, 0xCE,
    0x1B, 0x7F, 0x7F, 0x44, 0x00, 0x90, 0x96, 0x01, 0xC6, 0x13, 0x7F, 0x7F, 0x44, 0x00, 0x3E, 0x96,
    0x01, 0xBA, 0x08, 0x7F, 0x7F, 0x45, 0x00, 0xC4, 0x95, 0x00, 0xAC, 0x7F, 0x7F, 0x46, 0x00, 0x6E,
    0x95, 0x00, 0x9B, 0x7F, 0x7F, 0x46, 0x01, 0x17, 0xF2, 0x94, 0x00, 0x87, 0x7F, 0x7F, 0x47, 0x00,
    0x99, 0x94, 0x00, 0x70, 0x7F, 0x7F, 0x47, 0x00, 0x3E, 0x94, 0x00, 0x58, 0x7F, 0x7F, 0x48, 0x00,
    0xBE, 0x92, 0x01, 0xEB, 0x3D, 0x7F, 0x7F, 0x48, 0x00, 0x60, 0x92, 0x01, 0xCE, 0x20, 0x7F, 0x7F,
    0x49, 0x00, 0xDE, 0x91, 0x01, 0xAF, 0x02, 0x7F, 0x7F, 0x49, 0x00, 0x7C, 0x91, 0x00, 0x8E, 0x7F,
    0x7F, 0x4A, 0x01, 0x19, 0xF8, 0x90, 0x00, 0x6D, 0x7F, 0x7F, 0x4B, 0x00, 0x93, 0x8F, 0x01, 0xF6,
    0x4A, 0x7F, 0x7F, 0x4B, 0x00, 0x2D, 0x8F, 0x01, 0xD2, 0x25, 0x7F, 0x7F, 0x4C, 0x00, 0xA5, 0x8E,
    0x01, 0xAE, 0x01, 0x7F, 0x7F, 0x4C, 0x00, 0x3B, 0x8E, 0x00, 0x89, 0x7F, 0x7F, 0x4E, 0x00, 0xB1,
    0x8D, 0x00, 0x63, 0x7F, 0x7F, 0x4E, 0x00, 0x44, 0x8C, 0x01, 0xEC, 0x3E, 0x7F, 0x7F, 0x4F, 0x00,
    0xB8, 0x8B, 0x01, 0xC7, 0x18, 0x7F, 0x7F, 0x4F, 0x00, 0x47, 0x8B, 0x00, 0xA3, 0x7F, 0x7F, 0x51,
    0x00, 0xB9, 0x8A, 0x00, 0x7F, 0x7F, 0x7F, 0x51, 0x00, 0x45, 0x8A, 0x00, 0x5D, 0x7F, 0x7F, 0x52,
    0x00, 0xB4, 0x88, 0x01, 0xEE, 0x3C, 0x7F, 0x7F, 0x52, 0x00, 0x3D, 0x88, 0x01, 0xD0, 0x1C, 0x7F,
    0x7F, 0x53, 0x00, 0xAA, 0x87, 0x00, 0xB3, 0x7F, 0x7F, 0x54, 0x00, 0x30, 0x87, 0x00, 0x98, 0x7F,
    0x7F, 0x55, 0x00, 0x9B, 0x86, 0x00, 0x80, 0x7F, 0x7F, 0x55, 0x00, 0x1D, 0x86, 0x00, 0x6B, 0x7F,
    0x7F, 0x56, 0x00, 0x86, 0x85, 0x00, 0x59, 0x7F, 0x7F, 0x56, 0x01, 0x05, 0xEE, 0x84, 0x00, 0x4B,
    0x7F, 0x7F, 0x57, 0x00, 0x6C, 0x84, 0x00, 0x41, 0x7F, 0x7F, 0x58, 0x00, 0xD2, 0x82, 0x01, 0xFB,
    0x3B, 0x7F, 0x7F, 0x58, 0x00, 0x4C, 0x82, 0x01, 0xFC, 0x39, 0x7F, 0x7F, 0x59, 0x00, 0xB0, 0x82,
    0x00, 0x3D, 0x7F, 0x7F, 0x59, 0x00, 0x27, 0x82, 0x00, 0x47, 0x7F, 0x7F, 0x5A, 0x03, 0x89, 0xFF,
    0xFF, 0x58, 0x7F, 0x7F, 0x5B, 0x02, 0xE9, 0xFF, 0x6F, 0x7F, 0x7F, 0x5B, 0x02, 0x5C, 0xFF, 0x8E,
    0x7F, 0x7F, 0x5C, 0x01, 0xBA, 0xB6, 0x7F, 0x7F, 0x5C, 0x02, 0x29, 0xE8, 0x14, 0x7F, 0x7F, 0x5C,
    0x01, 0x85, 0x4E, 0x7F, 0x7F, 0x5D, 0x00, 0x94, 0x7F, 0x7F, 0x5D, 0x01, 0x4B, 0x0A, 0x7F, 0x7F,
    0x5D, 0x00, 0x6E, 0x7F, 0x7F, 0x7F, 0x7F, 0x7F, 0x7F, 0x7F, 0x7F, 0x7F, 0x7F, 0x7F, 0x7F, 0x7F,
    0x7F, 0x7F, 0x7F, 0x7F, 0x7F, 0x7F, 0x7F, 0x7F, 0x7F, 0x7F, 0x7F, 0x7F, 0x7F, 0x7F, 0x7F, 0x7F,
    0x7F, 0x7F, 0x7F, 0x7F, 0x7F, 0x7F, 0x7F, 0x7F, 0x7F, 0x7F, 0x7F, 0x7F, 0x7F, 0x7F, 0x7F, 0x7F,
    0x7F, 0x7F, 0x7F, 0x7F, 0x7F, 0x7F, 0x7F, 0x7F, 0x7F, 0x7F, 0x7F, 0x7F, 0x7F, 0x7F, 0x7F, 0x7F,
    0x7F, 0x7F, 0x7F, 0x7F, 0x7F, 0x7F, 0x7F, 0x7F, 0x7F, 0x7F, 0x7F, 0x7F, 0x7F, 0x7F, 0x7F, 0x7F,
    0x7F, 0x7F, 0x7F, 0x7F, 0x7F, 0x7F, 0x7F, 0x7F, 0x7F, 0x7F, 0x7F, 0x7F, 0x7F, 0x7F, 0x7F, 0x7F,
    0x7F, 0x7F, 0x7F, 0x7F, 0x7F, 0x7F, 0x7F, 0x7F, 0x7F, 0x7F, 0x7F, 0x7F, 0x7F, 0x7F, 0x7F, 0x7F,
    0x7F, 0x7F, 0x7F, 0x7F, 0x7F, 0x7F, 0x7F, 0x7F, 0x7F, 0x7F, 0x7F, 0x7F, 0x7F, 0x7F, 0x7F, 0x7F,
    0x7F, 0x7F, 0x7F, 0x7F, 0x7F, 0x7F, 0x7F, 0x7F, 0x7F, 0x7F, 0x7F, 0x7F, 0x7F, 0x7F, 0x7F, 0x7F,
    0x7F, 0x7F, 0x7F, 0x54, 0x01, 0x3D, 0x6C, 0x7F, 0x7F, 0x5B, 0x02, 0x45, 0xB4, 0x22, 0x7F, 0x7F,
    0x5A, 0x02, 0x47, 0xB9, 0x88, 0x7F, 0x7F, 0x5A, 0x03, 0x44, 0xB8, 0xFF, 0x62, 0x7F, 0x7F, 0x59,
    0x04, 0x3B, 0xB1, 0xFF, 0xF5, 0x45, 0x7F, 0x7F, 0x58, 0x05, 0x2D, 0xA5, 0xFF, 0xFF, 0xE7, 0x32,
    0x7F, 0x7F, 0x57, 0x01, 0x19, 0x93, 0x82, 0x01, 0xE0, 0x27, 0x7F, 0x7F, 0x57, 0x01, 0x7C, 0xF8,
    0x82, 0x01, 0xE0, 0x23, 0x7F, 0x7F, 0x56, 0x01, 0x60, 0xDE, 0x83, 0x01, 0xE6, 0x25, 0x7F, 0x7F,
    0x55, 0x01, 0x3E, 0xBE, 0x84, 0x01, 0xF2, 0x2E, 0x7F, 0x7F, 0x54, 0x01, 0x17, 0x99, 0x86, 0x00,
    0x3C, 0x7F, 0x7F, 0x54, 0x01, 0x6E, 0xF2, 0x86, 0x00, 0x50, 0x7F, 0x7F, 0x53, 0x01, 0x3E, 0xC4,
    0x87, 0x00, 0x69, 0x7F, 0x7F, 0x52, 0x01, 0x09, 0x90, 0x88, 0x00, 0x86, 0x7F, 0x7F, 0x52, 0x01,
    0x57, 0xE0, 0x88, 0x00, 0xA8, 0x7F, 0x7F, 0x51, 0x01, 0x19, 0xA4, 0x89, 0x00, 0xCD, 0x7F, 0x7F,
    0x51, 0x01, 0x62, 0xEE, 0x89, 0x01, 0xF6, 0x22, 0x7F, 0x7F, 0x4F, 0x01, 0x1B, 0xA9, 0x8B, 0x00,
    0x4D, 0x7F, 0x7F, 0x4F, 0x01, 0x5F, 0xEE, 0x8B, 0x00, 0x7B, 0x7F, 0x7F, 0x4E, 0x01, 0x0F, 0xA1,
    0x8C, 0x00, 0xAD, 0x7F, 0x7F, 0x4E, 0x01, 0x4D, 0xE0, 0x8C, 0x01, 0xE1, 0x08, 0x7F, 0x7F, 0x4D,
    0x00, 0x8A, 0x8E, 0x00, 0x3E, 0x7F, 0x7F, 0x4C, 0x01, 0x2E, 0xC4, 0x8E, 0x00, 0x76, 0x7F, 0x7F,
    0x4C, 0x01, 0x64, 0xFC, 0x8E, 0x00, 0xB1, 0x7F, 0x7F, 0x4C, 0x00, 0x99, 0x8F, 0x01, 0xEE, 0x11,
    0x7F, 0x7F, 0x4A, 0x01, 0x31, 0xCB, 0x90, 0x00, 0x4F, 0x7F, 0x7F, 0x4A, 0x01, 0x60, 0xFC, 0x90,
    0x00, 0x8F, 0x7F, 0x7F, 0x4A, 0x00, 0x8D, 0x91, 0x00, 0xD1, 0x7F, 0x7F, 0x49, 0x01, 0x19, 0xB8,
    0x92, 0x00, 0x35, 0x7F, 0x7F, 0x48, 0x01, 0x40, 0xE0, 0x92, 0x00, 0x79, 0x7F, 0x7F, 0x48, 0x00,
    0x66, 0x93, 0x00, 0xBF, 0x7F, 0x7F, 0x48, 0x00, 0x89, 0x94, 0x00, 0x25, 0x7F, 0x7F, 0x46, 0x01,
    0x05, 0xA9, 0x94, 0x00, 0x6D, 0x7F, 0x7F, 0x46, 0x01, 0x23, 0xC8, 0x94, 0x00, 0xB6, 0x7F, 0x7F,
    0x46, 0x01, 0x3E, 0xE5, 0x95, 0x00, 0x1E, 0x7F, 0x7F, 0x45, 0x00, 0x57, 0x96, 0x00, 0x68, 0x7F,
    0x7F, 0x45, 0x00, 0x6E, 0x96, 0x00, 0xB3, 0x7F, 0x7F, 0x45, 0x00, 0x83, 0x96, 0x01, 0xFE, 0x1D,
    0x7F, 0x7F, 0x44, 0x00, 0x96, 0x97, 0x00, 0x68, 0x7F, 0x7F, 0x44, 0x00, 0xA6, 0x97, 0x00, 0xB4,
    0x7F, 0x7F, 0x43, 0x01, 0x06, 0xB4, 0x98, 0x00, 0x1F, 0x7F, 0x7F, 0x42, 0x01, 0x11, 0xC0, 0x98,
    0x00, 0x6B, 0x7F, 0x7F, 0x42, 0x01, 0x1A, 0xCA, 0x98, 0x00, 0xB7, 0x7F, 0x7F, 0x42, 0x01, 0x21,
    0xD2, 0x99, 0x00, 0x23, 0x7F, 0x7F, 0x03, 0x00, 0x00, 0x25, 0xD7, 0x99, 0x00, 0x6F, 0x7F, 0x7F,
    0x03, 0x00, 0x00, 0x27, 0xDB, 0x99, 0x00, 0xBB, 0x7F, 0x7F, 0x03, 0x00, 0x00, 0x27, 0xDC, 0x9A,
    0x00, 0x27, 0x7F, 0x7F, 0x02, 0x00, 0x25, 0xDB, 0x9A, 0x00, 0x72, 0x7F, 0x7F, 0x02, 0x00, 0x21,
    0xD7, 0x9A, 0x00, 0xBC, 0x7F, 0x7F, 0x02, 0x00, 0x1A, 0xD2, 0x9B, 0x00, 0x29, 0x7F, 0x7F, 0x01,
    0x11, 0xCA, 0x9B, 0x00, 0x72, 0x7F, 0x7F, 0x01, 0x06, 0xC0, 0x9B, 0x00, 0xBA, 0x7F, 0x7F, 0x01,
    0x00, 0xB4, 0x9C, 0x00, 0x27, 0x7F, 0x7F, 0x00, 0xA6, 0x9C, 0x00, 0x6E, 0x7F, 0x7F, 0x00, 0x96,
    0x9C, 0x00, 0xB3, 0x7F, 0x7F, 0x00, 0x83, 0x9C, 0x01, 0xF7, 0x1F, 0x7F, 0x7E, 0x00, 0x6E, 0x9D,
    0x00, 0x63, 0x7F, 0x7E, 0x00, 0x57, 0x9D, 0x00, 0xA5, 0x7F, 0x7E, 0x00, 0x3E, 0x9D, 0x01, 0xE5,
    0x10, 0x7F, 0x7D, 0x01, 0x23, 0xE5, 0x9D, 0x00, 0x50, 0x7F, 0x7D, 0x01, 0x05, 0xC8, 0x9D, 0x00,
    0x8E, 0x7F, 0x7E, 0x00, 0xA9, 0x9D, 0x00, 0xCB, 0x7F, 0x7E, 0x00, 0x89, 0x9E, 0x00, 0x34, 0x7F,
    0x7D, 0x00, 0x66, 0x9E, 0x00, 0x6E, 0x7F, 0x7D, 0x00, 0x40, 0x9E, 0x00, 0xA6, 0x7F, 0x7D, 0x01,
    0x19, 0xE0, 0x9D, 0x01, 0xDC, 0x0E, 0x7F, 0x7D, 0x00, 0xB8, 0x9E, 0x00, 0x43, 0x7F, 0x7D, 0x00,
    0x8D, 0x9E, 0x00, 0x76, 0x7F, 0x7D, 0x00, 0x60, 0x9E, 0x00, 0xA8, 0x7F, 0x7D, 0x01, 0x31, 0xFC,
    0x9D, 0x01, 0xD7, 0x0C, 0x7F, 0x7D, 0x00, 0xCB, 0x9E, 0x00, 0x3A, 0x7F, 0x7D, 0x00, 0x99, 0x9E,
    0x00, 0x66, 0x7F, 0x7D, 0x00, 0x64, 0x9E, 0x00, 0x90, 0x7F, 0x7D, 0x01, 0x2E, 0xFC, 0x9D, 0x00,
    0xB8, 0x7F, 0x7E, 0x00, 0xC4, 0x9D, 0x01, 0xDE, 0x18, 0x7F, 0x7D, 0x00, 0x8A, 0x9E, 0x00, 0x3C,
    0x7F, 0x7D, 0x00, 0x4D, 0x9E, 0x00, 0x5E, 0x7F, 0x7D, 0x01, 0x0F, 0xE0, 0x9D, 0x00, 0x7F, 0x7F,
    0x7E, 0x00, 0xA1, 0x9D, 0x00, 0x9C, 0x7F, 0x7E, 0x00, 0x5F, 0x9D, 0x00, 0xB8, 0x7F, 0x7E, 0x01,
    0x1B, 0xEE, 0x9C, 0x01, 0xD2, 0x11, 0x7F, 0x7E, 0x00, 0xA9, 0x9C, 0x01, 0xE9, 0x2A, 0x7F, 0x7E,
    0x00, 0x62, 0x9D, 0x00, 0x40, 0x7F, 0x7E, 0x01, 0x19, 0xEE, 0x9C, 0x00, 0x54, 0x7F, 0x7F, 0x00,
    0xA4, 0x9C, 0x00, 0x66, 0x7F, 0x7F, 0x00, 0x57, 0x9C, 0x00, 0x77, 0x7F, 0x7F, 0x01, 0x09, 0xE0,
    0x9B, 0x00, 0x85, 0x7F, 0x7F, 0x01, 0x00, 0x90, 0x9B, 0x00, 0x91, 0x7F, 0x7F, 0x01, 0x00, 0x3E,
    0x9B, 0x00, 0x9B, 0x7F, 0x7F, 0x02, 0x00, 0x00, 0xC4, 0x9A, 0x00, 0xA4, 0x7F, 0x7F, 0x02, 0x00,
    0x00, 0x6E, 0x9A, 0x00, 0xAB, 0x7F, 0x7F, 0x03, 0x00, 0x00, 0x17, 0xF2, 0x99, 0x00, 0xB0, 0x7F,
    0x7F, 0x42, 0x00, 0x99, 0x99, 0x00, 0xB4, 0x7F, 0x7F, 0x42, 0x00, 0x3E, 0x99, 0x00, 0xB5, 0x7F,
    0x7F, 0x43, 0x00, 0xBE, 0x98, 0x00, 0xB6, 0x7F, 0x7F, 0x43, 0x00, 0x60, 0x98, 0x00, 0xB5, 0x7F,
    0x7F, 0x44, 0x00, 0xDE, 0x97, 0x00, 0xB3, 0x7F, 0x7F, 0x44, 0x00, 0x7C, 0x97, 0x00, 0xB0, 0x7F,
    0x7F, 0x44, 0x01, 0x19, 0xF8, 0x96, 0x00, 0xAB, 0x7F, 0x7F, 0x45, 0x00, 0x93, 0x96, 0x00, 0xA5,
    0x7F, 0x7F, 0x45, 0x00, 0x2D, 0x96, 0x00, 0x9F, 0x7F, 0x7F, 0x46, 0x00, 0xA5, 0x95, 0x00, 0x98,
    0x7F, 0x7F, 0x46, 0x00, 0x3B, 0x95, 0x00, 0x8F, 0x7F, 0x7F, 0x47, 0x00, 0xB1, 0x94, 0x00, 0x87,
    0x7F, 0x7F, 0x47, 0x00, 0x44, 0x94, 0x00, 0x7D, 0x7F, 0x7F, 0x48, 0x00, 0xB8, 0x93, 0x00, 0x74,
    0x7F, 0x7F, 0x48, 0x00, 0x47, 0x93, 0x00, 0x6A, 0x7F, 0x7F, 0x49, 0x00, 0xB9, 0x92, 0x00, 0x5F,
    0x7F, 0x7F, 0x49, 0x00, 0x45, 0x92, 0x00, 0x55, 0x7F, 0x7F, 0x4A, 0x00, 0xB4, 0x91, 0x00, 0x4B,
    0x7F, 0x7F, 0x4A, 0x00, 0x3D, 0x90, 0x01, 0xFA, 0x41, 0x7F, 0x7F, 0x4B, 0x00, 0xAA, 0x8F, 0x01,
    0xF1, 0x37, 0x7F, 0x7F, 0x4B, 0x00, 0x30, 0x8F, 0x01, 0xE8, 0x2E, 0x7F, 0x7F, 0x4C, 0x00, 0x9B,
    0x8E, 0x01, 0xE0, 0x25, 0x7F, 0x7F, 0x4C, 0x00, 0x1D, 0x8E, 0x01, 0xD9, 0x1D, 0x7F, 0x7F, 0x4D,
    0x00, 0x86, 0x8D, 0x01, 0xD2, 0x15, 0x7F, 0x7F, 0x4D, 0x01, 0x05, 0xEE, 0x8C, 0x01, 0xCC, 0x0F,
    0x7F, 0x7F, 0x4E, 0x00, 0x6C, 0x8C, 0x01, 0xC8, 0x09, 0x7F, 0x7F, 0x4F, 0x00, 0xD2, 0x8B, 0x01,
    0xC5, 0x05, 0x7F, 0x7F, 0x4F, 0x00, 0x4C, 0x8B, 0x01, 0xC3, 0x03, 0x7F, 0x7F, 0x50, 0x00, 0xB0,
    0x8A, 0x01, 0xC2, 0x01, 0x7F, 0x7F, 0x50, 0x00, 0x27, 0x8A, 0x01, 0xC4, 0x02, 0x7F, 0x7F, 0x51,
    0x00, 0x89, 0x89, 0x01, 0xC7, 0x04, 0x7F, 0x7F, 0x52, 0x00, 0xE9, 0x88, 0x01, 0xCD, 0x09, 0x7F,
    0x7F, 0x52, 0x00, 0x5C, 0x88, 0x01, 0xD4, 0x0F, 0x7F, 0x7F, 0x53, 0x00, 0xBA, 0x87, 0x01, 0xDE,
    0x18, 0x7F, 0x7F, 0x53, 0x00, 0x29, 0x87, 0x01, 0xEB, 0x23, 0x7F, 0x7F, 0x54, 0x00, 0x85, 0x86,
    0x01, 0xFA, 0x31, 0x7F, 0x7F, 0x55, 0x00, 0xE0, 0x86, 0x00, 0x42, 0x7F, 0x7F, 0x55, 0x00, 0x4B,
    0x86, 0x00, 0x55, 0x7F, 0x7F, 0x56, 0x00, 0xA4, 0x85, 0x00, 0x6C, 0x7F, 0x7F, 0x56, 0x01, 0x0C,
    0xFC, 0x84, 0x00, 0x87, 0x7F, 0x7F, 0x57, 0x00, 0x62, 0x84, 0x00, 0xA5, 0x7F, 0x7F, 0x58, 0x00,
    0xB8, 0x83, 0x00, 0xC6, 0x7F, 0x7F, 0x58, 0x00, 0x1B, 0x83, 0x01, 0xEC, 0x1A, 0x7F, 0x7F, 0x58,
    0x00, 0x6E, 0x83, 0x00, 0x43, 0x7F, 0x7F, 0x59, 0x00, 0xC0, 0x82, 0x00, 0x70, 0x7F, 0x7F, 0x59,
    0x00, 0x20, 0x82, 0x00, 0xA1, 0x7F, 0x7F, 0x5A, 0x03, 0x6F, 0xFF, 0xFF, 0xD8, 0x7F, 0x7F, 0x5B,
    0x03, 0xBE, 0xFF, 0xFF, 0x3B, 0x7F, 0x7F, 0x5A, 0x03, 0x19, 0xFF, 0xFF, 0x7B, 0x7F, 0x7F, 0x5B,
    0x02, 0x66, 0xFF, 0xC1, 0x7F, 0x7F, 0x5C, 0x02, 0xB1, 0xFF, 0x2F, 0x7F, 0x7F, 0x5B, 0x02, 0x08,
    0xFC, 0x81, 0x7F, 0x7F, 0x5C, 0x01, 0x51, 0xDA, 0x7F, 0x7F, 0x5D, 0x01, 0x99, 0x57, 0x7F, 0x7F,
    0x5D, 0x00, 0xBF, 0x7F, 0x7F, 0x5D, 0x01, 0x31, 0x49, 0x7F, 0x7F, 0x5D, 0x00, 0x76, 0x7F, 0x7F,
    0x5E, 0x00, 0x5F, 0x7F, 0x7F, 0x5D, 0x01, 0x06, 0x06, 0x7F, 0x7F, 0x7F, 0x7F, 0x7F, 0x7F, 0x7F,
    0x7F, 0x7F, 0x7F, 0x7F, 0x7F, 0x7F, 0x7F, 0x7F, 0x7F, 0x7F, 0x7F, 0x7F, 0x7F, 0x7F, 0x7F, 0x7F,
    0x7F, 0x7F, 0x7F, 0x7F, 0x7F, 0x7F, 0x7F, 0x7F, 0x7F, 0x7F, 0x7F, 0x7F, 0x7F, 0x7F, 0x7F, 0x7F,
    0x7F, 0x7F, 0x7F, 0x7F, 0x7F, 0x7F, 0x7F, 0x7F, 0x7F, 0x7F, 0x7F, 0x7F, 0x7F, 0x7F, 0x7F, 0x7F,
    0x7F, 0x7F, 0x7F, 0x7F, 0x7F, 0x7F, 0x7F, 0x7F, 0x7F, 0x7F, 0x7F, 0x7F, 0x7F, 0x7F, 0x7F, 0x7F,
    0x7F, 0x7F, 0x7F, 0x6D, 0x01, 0x4B, 0x68, 0x7F, 0x7F, 0x5A, 0x02, 0x29, 0x85, 0x71, 0x7F, 0x7F,
    0x5A, 0x03, 0x5C, 0xBA, 0x9C, 0x14, 0x7F, 0x7F, 0x58, 0x04, 0x27, 0x89, 0xE9, 0xE2, 0x50, 0x7F,
    0x7F, 0x58, 0x05, 0x4C, 0xB0, 0xFF, 0xFF, 0xA3, 0x0B, 0x7F, 0x7F, 0x56, 0x02, 0x05, 0x6C, 0xD2,
    0x82, 0x00, 0x6B, 0x7F, 0x7F, 0x56, 0x02, 0x1D, 0x86, 0xEE, 0x82, 0x01, 0xDC, 0x39, 0x7F, 0x7F,
    0x55, 0x01, 0x30, 0x9B, 0x84, 0x01, 0xB4, 0x0D, 0x7F, 0x7F, 0x54, 0x01, 0x3D, 0xAA, 0x85, 0x00,
    0x92, 0x7F, 0x7F, 0x54, 0x01, 0x45, 0xB4, 0x86, 0x00, 0x74, 0x7F, 0x7F, 0x53, 0x01, 0x47, 0xB9,
    0x87, 0x00, 0x5C, 0x7F, 0x7F, 0x52, 0x01, 0x44, 0xB8, 0x87, 0x01, 0xFE, 0x49, 0x7F, 0x7F, 0x51,
    0x01, 0x3B, 0xB1, 0x88, 0x01, 0xF1, 0x3A, 0x7F, 0x7F, 0x50, 0x01, 0x2D, 0xA5, 0x89, 0x01, 0xE9,
    0x2F, 0x7F, 0x7F, 0x4F, 0x01, 0x19, 0x93, 0x8A, 0x01, 0xE4, 0x28, 0x7F, 0x7F, 0x4F, 0x01, 0x7C,
    0xF8, 0x8A, 0x01, 0xE4, 0x25, 0x7F, 0x7F, 0x4E, 0x01, 0x60, 0xDE, 0x8B, 0x01, 0xE7, 0x26, 0x7F,
    0x7F, 0x4D, 0x01, 0x3E, 0xBE, 0x8C, 0x01, 0xED, 0x2B, 0x7F, 0x7F, 0x4C, 0x01, 0x17, 0x99, 0x8D,
    0x01, 0xF7, 0x33, 0x7F, 0x7F, 0x4C, 0x01, 0x6E, 0xF2, 0x8E, 0x00, 0x3E, 0x7F, 0x7F, 0x4B, 0x01,
    0x3E, 0xC4, 0x8F, 0x00, 0x4C, 0x7F, 0x7F, 0x4A, 0x01, 0x09, 0x90, 0x90, 0x00, 0x5D, 0x7F, 0x7F,
    0x4A, 0x01, 0x57, 0xE0, 0x90, 0x00, 0x71, 0x7F, 0x7F, 0x49, 0x01, 0x19, 0xA4, 0x91, 0x00, 0x88,
    0x7F, 0x7F, 0x49, 0x01, 0x62, 0xEE, 0x91, 0x00, 0xA1, 0x7F, 0x7F, 0x48, 0x01, 0x1B, 0xA9, 0x92,
    0x00, 0xBC, 0x7F, 0x7F, 0x48, 0x01, 0x5F, 0xEE, 0x92, 0x01, 0xDA, 0x0C, 0x7F, 0x7F, 0x46, 0x01,
    0x0F, 0xA1, 0x93, 0x01, 0xFA, 0x2B, 0x7F, 0x7F, 0x46, 0x01, 0x4D, 0xE0, 0x94, 0x00, 0x4C, 0x7F,
    0x7F, 0x46, 0x00, 0x8A, 0x95, 0x00, 0x6F, 0x7F, 0x7F, 0x45, 0x01, 0x2E, 0xC4, 0x95, 0x00, 0x95,
    0x7F, 0x7F, 0x45, 0x01, 0x64, 0xFC, 0x95, 0x00, 0xBC, 0x7F, 0x7F, 0x45, 0x00, 0x99, 0x96, 0x01,
    0xE4, 0x11, 0x7F, 0x7F, 0x43, 0x01, 0x31, 0xCB, 0x97, 0x00, 0x3B, 0x7F, 0x7F, 0x43, 0x01, 0x60,
    0xFC, 0x97, 0x00, 0x66, 0x7F, 0x7F, 0x43, 0x00, 0x8D, 0x98, 0x00, 0x93, 0x7F, 0x7F, 0x42, 0x01,
    0x19, 0xB8, 0x98, 0x00, 0xC0, 0x7F, 0x7F, 0x42, 0x01, 0x40, 0xE0, 0x98, 0x01, 0xEF, 0x1B, 0x7F,
    0x7F, 0x02, 0x00, 0x00, 0x66, 0x9A, 0x00, 0x4A, 0x7F, 0x7F, 0x02, 0x00, 0x00, 0x89, 0x9A, 0x00,
    0x7B, 0x7F, 0x7F, 0x02, 0x00, 0x05, 0xA9, 0x9A, 0x00, 0xAD, 0x7F, 0x7F, 0x02, 0x00, 0x23, 0xC8,
    0x9A, 0x01, 0xE0, 0x0A, 0x7F, 0x7F, 0x01, 0x3E, 0xE5, 0x9B, 0x00, 0x3E, 0x7F, 0x7F, 0x00, 0x57,
    0x9C, 0x00, 0x72, 0x7F, 0x7F, 0x00, 0x6E, 0x9C, 0x00, 0xA7, 0x7F, 0x7F, 0x00, 0x83, 0x9C, 0x01,
    0xDC, 0x06, 0x7F, 0x7E, 0x00, 0x96, 0x9D, 0x00, 0x3C, 0x7F, 0x7E, 0x00, 0xA6, 0x9D, 0x00, 0x73,
    0x7F, 0x7D, 0x01, 0x06, 0xB4, 0x9D, 0x00, 0xA9, 0x7F, 0x7D, 0x01, 0x11, 0xC0, 0x9D, 0x01, 0xE0,
    0x0B, 0x7F, 0x7C, 0x01, 0x1A, 0xCA, 0x9E, 0x00, 0x42, 0x7F, 0x7C, 0x01, 0x21, 0xD2, 0x9E, 0x00,
    0x7A, 0x7F, 0x7C, 0x01, 0x25, 0xD7, 0x9E, 0x00, 0xB1, 0x7F, 0x7C, 0x01, 0x27, 0xDB, 0x9E, 0x01,
    0xE9, 0x14, 0x7F, 0x7B, 0x01, 0x27, 0xDC, 0x9F, 0x00, 0x4C, 0x7F, 0x7B, 0x01, 0x25, 0xDB, 0x9F,
    0x00, 0x84, 0x7F, 0x7B, 0x01, 0x21, 0xD7, 0x9F, 0x00, 0xBB, 0x7F, 0x7B, 0x01, 0x1A, 0xD2, 0x9F,
    0x01, 0xF2, 0x1F, 0x7F, 0x7A, 0x01, 0x11, 0xCA, 0xA0, 0x00, 0x56, 0x7F, 0x7A, 0x01, 0x06, 0xC0,
    0xA0, 0x00, 0x8D, 0x7F, 0x7B, 0x00, 0xB4, 0xA0, 0x00, 0xC4, 0x7F, 0x7B, 0x00, 0xA6, 0xA0, 0x01,
    0xFA, 0x28, 0x7F, 0x7A, 0x00, 0x96, 0xA1, 0x00, 0x5E, 0x7F, 0x7A, 0x00, 0x83, 0xA1, 0x00, 0x93,
    0x7F, 0x7A, 0x00, 0x6E, 0xA1, 0x00, 0xC8, 0x7F, 0x7A, 0x00, 0x57, 0xA1, 0x01, 0xFC, 0x2C, 0x7F,
    0x79, 0x00, 0x3E, 0xA2, 0x00, 0x60, 0x7F, 0x79, 0x01, 0x23, 0xE5, 0xA1, 0x00, 0x93, 0x7F, 0x79,
    0x01, 0x05, 0xC8, 0xA1, 0x00, 0xC5, 0x7F, 0x7A, 0x00, 0xA9, 0xA1, 0x01, 0xF6, 0x29, 0x7F, 0x79,
    0x00, 0x89, 0xA2, 0x00, 0x5A, 0x7F, 0x79, 0x00, 0x66, 0xA2, 0x00, 0x8A, 0x7F, 0x79, 0x00, 0x40,
    0xA2, 0x00, 0xB9, 0x7F, 0x79, 0x01, 0x19, 0xE0, 0xA1, 0x01, 0xE7, 0x1C, 0x7F, 0x79, 0x00, 0xB8,
    0xA2, 0x00, 0x4A, 0x7F, 0x79, 0x00, 0x8D, 0xA2, 0x00, 0x76, 0x7F, 0x79, 0x00, 0x60, 0xA2, 0x00,
    0xA2, 0x7F, 0x79, 0x01, 0x31, 0xFC, 0xA1, 0x01, 0xCC, 0x03, 0x7F, 0x79, 0x00, 0xCB, 0xA1, 0x01,
    0xF5, 0x2D, 0x7F, 0x79, 0x00, 0x99, 0xA2, 0x00, 0x56, 0x7F, 0x79, 0x00, 0x64, 0xA2, 0x00, 0x7D,
    0x7F, 0x79, 0x01, 0x2E, 0xFC, 0xA1, 0x00, 0xA4, 0x7F, 0x7A, 0x00, 0xC4, 0xA1, 0x01, 0xC9, 0x03,
    0x7F, 0x79, 0x00, 0x8A, 0xA1, 0x01, 0xED, 0x27, 0x7F, 0x79, 0x00, 0x4D, 0xA2, 0x00, 0x4A, 0x7F,
    0x79, 0x01, 0x0F, 0xE0, 0xA1, 0x00, 0x6D, 0x7F, 0x7A, 0x00, 0xA1, 0xA1, 0x00, 0x8D, 0x7F, 0x7A,
    0x00, 0x5F, 0xA1, 0x00, 0xAD, 0x7F, 0x7A, 0x01, 0x1B, 0xEE, 0xA0, 0x01, 0xCB, 0x09, 0x7F, 0x7A,
    0x00, 0xA9, 0xA0, 0x01, 0xE9, 0x26, 0x7F, 0x7A, 0x00, 0x62, 0xA1, 0x00, 0x43, 0x7F, 0x7A, 0x01,
    0x19, 0xEE, 0xA0, 0x00, 0x5E, 0x7F, 0x7B, 0x00, 0xA4, 0xA0, 0x00, 0x78, 0x7F, 0x7B, 0x00, 0x57,
    0xA0, 0x00, 0x91, 0x7F, 0x7B, 0x01, 0x09, 0xE0, 0x9F, 0x00, 0xA9, 0x7F, 0x7C, 0x00, 0x90, 0x9F,
    0x00, 0xC0, 0x7F, 0x7C, 0x00, 0x3E, 0x9F, 0x01, 0xD5, 0x16, 0x7F, 0x7C, 0x00, 0xC4, 0x9E, 0x01,
    0xEA, 0x2B, 0x7F, 0x7C, 0x00, 0x6E, 0x9E, 0x01, 0xFE, 0x3F, 0x7F, 0x7C, 0x01, 0x17, 0xF2, 0x9E,
    0x00, 0x52, 0x7F, 0x7D, 0x00, 0x99, 0x9E, 0x00, 0x64, 0x7F, 0x7D, 0x00, 0x3E, 0x9E, 0x00, 0x75,
    0x7F, 0x7E, 0x00, 0xBE, 0x9D, 0x00, 0x85, 0x7F, 0x7E, 0x00, 0x60, 0x9D, 0x00, 0x94, 0x7F, 0x7F,
    0x00, 0xDE, 0x9C, 0x00, 0xA3, 0x7F, 0x7F, 0x00, 0x7C, 0x9C, 0x00, 0xB0, 0x7F, 0x7F, 0x01, 0x19,
    0xF8, 0x9B, 0x00, 0xBE, 0x7F, 0x7F, 0x01, 0x00, 0x93, 0x9B, 0x01, 0xCA, 0x0D, 0x7F, 0x7F, 0x00,
    0x2D, 0x9B, 0x01, 0xD6, 0x18, 0x7F, 0x7F, 0x01, 0x00, 0xA5, 0x9A, 0x01, 0xE1, 0x24, 0x7F, 0x7F,
    0x01, 0x00, 0x3B, 0x9A, 0x01, 0xEC, 0x2F, 0x7F, 0x7F, 0x02, 0x00, 0x00, 0xB1, 0x99, 0x01, 0xF7,
    0x39, 0x7F, 0x7F, 0x02, 0x00, 0x00, 0x44, 0x9A, 0x00, 0x43, 0x7F, 0x7F, 0x42, 0x00, 0xB8, 0x99,
    0x00, 0x4D, 0x7F, 0x7F, 0x42, 0x00, 0x47, 0x99, 0x00, 0x56, 0x7F, 0x7F, 0x43, 0x00, 0xB9, 0x98,
    0x00, 0x60, 0x7F, 0x7F, 0x43, 0x00, 0x45, 0x98, 0x00, 0x69, 0x7F, 0x7F, 0x44, 0x00, 0xB4, 0x97,
    0x00, 0x72, 0x7F, 0x7F, 0x44, 0x00, 0x3D, 0x97, 0x00, 0x7B, 0x7F, 0x7F, 0x45, 0x00, 0xAA, 0x96,
    0x00, 0x85, 0x7F, 0x7F, 0x45, 0x00, 0x30, 0x96, 0x00, 0x8E, 0x7F, 0x7F, 0x46, 0x00, 0x9B, 0x95,
    0x00, 0x98, 0x7F, 0x7F, 0x46, 0x00, 0x1D, 0x95, 0x00, 0xA3, 0x7F, 0x7F, 0x47, 0x00, 0x86, 0x94,
    0x00, 0xAD, 0x7F, 0x7F, 0x47, 0x01, 0x05, 0xEE, 0x93, 0x00, 0xB8, 0x7F, 0x7F, 0x48, 0x00, 0x6C,
    0x93, 0x01, 0xC4, 0x01, 0x7F, 0x7F, 0x48, 0x00, 0xD2, 0x92, 0x01, 0xD0, 0x0D, 0x7F, 0x7F, 0x48,
    0x00, 0x4C, 0x92, 0x01, 0xDD, 0x1A, 0x7F, 0x7F, 0x49, 0x00, 0xB0, 0x91, 0x01, 0xEB, 0x27, 0x7F,
    0x7F, 0x49, 0x00, 0x27, 0x91, 0x01, 0xFA, 0x35, 0x7F, 0x7F, 0x4A, 0x00, 0x89, 0x91, 0x00, 0x44,
    0x7F, 0x7F, 0x4B, 0x00, 0xE9, 0x90, 0x00, 0x54, 0x7F, 0x7F, 0x4B, 0x00, 0x5C, 0x90, 0x00, 0x66,
    0x7F, 0x7F, 0x4C, 0x00, 0xBA, 0x8F, 0x00, 0x78, 0x7F, 0x7F, 0x4C, 0x00, 0x29, 0x8F, 0x00, 0x8C,
    0x7F, 0x7F, 0x4D, 0x00, 0x85, 0x8E, 0x00, 0xA1, 0x7F, 0x7F, 0x4E, 0x00, 0xE0, 0x8D, 0x00, 0xB8,
    0x7F, 0x7F, 0x4E, 0x00, 0x4B, 0x8D, 0x01, 0xD0, 0x05, 0x7F, 0x7F, 0x4E, 0x00, 0xA4, 0x8C, 0x01,
    0xEA, 0x1E, 0x7F, 0x7F, 0x4E, 0x01, 0x0C, 0xFC, 0x8C, 0x00, 0x38, 0x7F, 0x7F, 0x4F, 0x00, 0x62,
    0x8C, 0x00, 0x55, 0x7F, 0x7F, 0x50, 0x00, 0xB8, 0x8B, 0x00, 0x73, 0x7F, 0x7F, 0x50, 0x00, 0x1B,
    0x8B, 0x00, 0x93, 0x7F, 0x7F, 0x51, 0x00, 0x6E, 0x8A, 0x00, 0xB6, 0x7F, 0x7F, 0x52, 0x00, 0xC0,
    0x89, 0x01, 0xDA, 0x09, 0x7F, 0x7F, 0x51, 0x00, 0x20, 0x8A, 0x00, 0x2F, 0x7F, 0x7F, 0x52, 0x00,
    0x6F, 0x89, 0x00, 0x57, 0x7F, 0x7F, 0x53, 0x00, 0xBE, 0x88, 0x00, 0x81, 0x7F, 0x7F, 0x53, 0x00,
    0x19, 0x88, 0x00, 0xAE, 0x7F, 0x7F, 0x54, 0x00, 0x66, 0x87, 0x01, 0xDE, 0x08, 0x7F, 0x7F, 0x54,
    0x00, 0xB1, 0x87, 0x00, 0x39, 0x7F, 0x7F, 0x54, 0x01, 0x08, 0xFC, 0x86, 0x00, 0x6D, 0x7F, 0x7F,
    0x55, 0x00, 0x51, 0x86, 0x00, 0xA4, 0x7F, 0x7F, 0x56, 0x00, 0x99, 0x85, 0x01, 0xDE, 0x04, 0x7F,
    0x7F, 0x56, 0x00, 0xE0, 0x85, 0x00, 0x40, 0x7F, 0x7F, 0x56, 0x00, 0x31, 0x85, 0x00, 0x7F, 0x7F,
    0x7F, 0x57, 0x00, 0x76, 0x84, 0x00, 0xC2, 0x7F, 0x7F, 0x58, 0x00, 0xBA, 0x84, 0x00, 0x2A, 0x7F,
    0x7F, 0x57, 0x01, 0x06, 0xFD, 0x83, 0x00, 0x72, 0x7F, 0x7F, 0x58, 0x00, 0x48, 0x83, 0x00, 0xBE,
    0x7F, 0x7F, 0x59, 0x00, 0x89, 0x83, 0x00, 0x2D, 0x7F, 0x7F, 0x59, 0x00, 0xC8, 0x82, 0x00, 0x80,
    0x7F, 0x7F, 0x59, 0x00, 0x0F, 0x82, 0x00, 0xD7, 0x7F, 0x7F, 0x5A, 0x00, 0x4C, 0x82, 0x00, 0x4D,
    0x7F, 0x7F, 0x5A, 0x03, 0x89, 0xFF, 0xFF, 0xAB, 0x7F, 0x7F, 0x5B, 0x03, 0xC4, 0xFF, 0xFF, 0x27,
    0x7F, 0x7F, 0x5A, 0x03, 0x05, 0xFE, 0xFF, 0x8E, 0x7F, 0x7F, 0x5B, 0x03, 0x3E, 0xFF, 0xF9, 0x10,
    0x7F, 0x7F, 0x5B, 0x02, 0x76, 0xFF, 0x80, 0x7F, 0x7F, 0x5C, 0x02, 0xAD, 0xF5, 0x09, 0x7F, 0x7F,
    0x5C, 0x01, 0xE2, 0x82, 0x7F, 0x7F, 0x5C, 0x02, 0x1D, 0xFF, 0x14, 0x7F, 0x7F, 0x5C, 0x01, 0x51,
    0x99, 0x7F, 0x7F, 0x5D, 0x01, 0x83, 0x34, 0x7F, 0x7F, 0x5D, 0x00, 0xB4, 0x7F, 0x7F, 0x5E, 0x00,
    0x6D, 0x7F, 0x7F, 0x5D, 0x01, 0x19, 0x1B, 0x7F, 0x7F, 0x5D, 0x00, 0x47, 0x7F, 0x7F, 0x5E, 0x00,
    0x74, 0x7F, 0x7F, 0x7F, 0x7F, 0x7F, 0x7F, 0x7F, 0x7F, 0x7F, 0x7F, 0x7F, 0x7F, 0x7F, 0x7F, 0x7F,
    0x7F, 0x7F, 0x7F, 0x7F, 0x7F, 0x7F, 0x7F, 0x7F, 0x7F, 0x7F, 0x7F, 0x7F, 0x4F, 0x01, 0x29, 0x7A,
    0x7F, 0x7F, 0x5B, 0x01, 0x5C, 0x75, 0x7F, 0x7F, 0x5A, 0x03, 0x27, 0x89, 0x9C, 0x16, 0x7F, 0x7F,
    0x59, 0x03, 0x4C, 0xB0, 0xE0, 0x4F, 0x7F, 0x7F, 0x58, 0x05, 0x05, 0x6C, 0xD2, 0xFF, 0xA0, 0x09,
    0x7F, 0x7F, 0x57, 0x05, 0x1D, 0x86, 0xEE, 0xFF, 0xFF, 0x67, 0x7F, 0x7F, 0x57, 0x01, 0x30, 0x9B,
    0x82, 0x01, 0xD8, 0x35, 0x7F, 0x7F, 0x56, 0x01, 0x3D, 0xAA, 0x83, 0x01, 0xB0, 0x0A, 0x7F, 0x7F,
    0x55, 0x01, 0x45, 0xB4, 0x84, 0x00, 0x8E, 0x7F, 0x7F, 0x55, 0x01, 0x47, 0xB9, 0x85, 0x00, 0x71,
    0x7F, 0x7F, 0x54, 0x01, 0x44, 0xB8, 0x86, 0x00, 0x59, 0x7F, 0x7F, 0x53, 0x01, 0x3B, 0xB1, 0x86,
    0x01, 0xFA, 0x46, 0x7F, 0x7F, 0x52, 0x01, 0x2D, 0xA5, 0x87, 0x01, 0xEE, 0x37, 0x7F, 0x7F, 0x51,
    0x01, 0x19, 0x93, 0x88, 0x01, 0xE6, 0x2D, 0x7F, 0x7F, 0x51, 0x01, 0x7C, 0xF8, 0x88, 0x01, 0xE2,
    0x26, 0x7F, 0x7F, 0x50, 0x01, 0x60, 0xDE, 0x89, 0x01, 0xE2, 0x24, 0x7F, 0x7F, 0x4F, 0x01, 0x3E,
    0xBE, 0x8A, 0x01, 0xE5, 0x25, 0x7F, 0x7F, 0x4E, 0x01, 0x17, 0x99, 0x8B, 0x01, 0xEC, 0x2A, 0x7F,
    0x7F, 0x4E, 0x01, 0x6E, 0xF2, 0x8B, 0x01, 0xF6, 0x32, 0x7F, 0x7F, 0x4D, 0x01, 0x3E, 0xC4, 0x8D,
    0x00, 0x3E, 0x7F, 0x7F, 0x4C, 0x01, 0x09, 0x90, 0x8E, 0x00, 0x4C, 0x7F, 0x7F, 0x4C, 0x01, 0x57,
    0xE0, 0x8E, 0x00, 0x5E, 0x7F, 0x7F, 0x4B, 0x01, 0x19, 0xA4, 0x8F, 0x00, 0x72, 0x7F, 0x7F, 0x4B,
    0x01, 0x62, 0xEE, 0x8F, 0x00, 0x88, 0x7F, 0x7F, 0x4A, 0x01, 0x1B, 0xA9, 0x90, 0x00, 0xA2, 0x7F,
    0x7F, 0x4A, 0x01, 0x5F, 0xEE, 0x90, 0x00, 0xBD, 0x7F, 0x7F, 0x49, 0x01, 0x0F, 0xA1, 0x91, 0x01,
    0xDB, 0x0E, 0x7F, 0x7F, 0x48, 0x01, 0x4D, 0xE0, 0x91, 0x01, 0xFB, 0x2D, 0x7F, 0x7F, 0x48, 0x00,
    0x8A, 0x93, 0x00, 0x4E, 0x7F, 0x7F, 0x47, 0x01, 0x2E, 0xC4, 0x93, 0x00, 0x71, 0x7F, 0x7F, 0x47,
    0x01, 0x64, 0xFC, 0x93, 0x00, 0x95, 0x7F, 0x7F, 0x47, 0x00, 0x99, 0x94, 0x00, 0xBC, 0x7F, 0x7F,
    0x46, 0x01, 0x31, 0xCB, 0x94, 0x01, 0xE4, 0x12, 0x7F, 0x7F, 0x45, 0x01, 0x60, 0xFC, 0x95, 0x00,
    0x3B, 0x7F, 0x7F, 0x45, 0x00, 0x8D, 0x96, 0x00, 0x66, 0x7F, 0x7F, 0x44, 0x01, 0x19, 0xB8, 0x96,
    0x00, 0x92, 0x7F, 0x7F, 0x44, 0x01, 0x40, 0xE0, 0x96, 0x00, 0xBF, 0x7F, 0x7F, 0x44, 0x00, 0x66,
    0x97, 0x01, 0xED, 0x19, 0x7F, 0x7F, 0x43, 0x00, 0x89, 0x98, 0x00, 0x48, 0x7F, 0x7F, 0x42, 0x01,
    0x05, 0xA9, 0x98, 0x00, 0x78, 0x7F, 0x7F, 0x42, 0x01, 0x23, 0xC8, 0x98, 0x00, 0xA9, 0x7F, 0x7F,
    0x42, 0x01, 0x3E, 0xE5, 0x98, 0x01, 0xDB, 0x07, 0x7F, 0x7F, 0x02, 0x00, 0x00, 0x57, 0x9A, 0x00,
    0x39, 0x7F, 0x7F, 0x02, 0x00, 0x00, 0x6E, 0x9A, 0x00, 0x6C, 0x7F, 0x7F, 0x02, 0x00, 0x00, 0x83,
    0x9A, 0x00, 0x9F, 0x7F, 0x7F, 0x02, 0x00, 0x00, 0x96, 0x9A, 0x00, 0xD3, 0x7F, 0x7F, 0x02, 0x00,
    0x00, 0xA6, 0x9B, 0x00, 0x33, 0x7F, 0x7F, 0x01, 0x06, 0xB4, 0x9B, 0x00, 0x68, 0x7F, 0x7F, 0x01,
    0x11, 0xC0, 0x9B, 0x00, 0x9D, 0x7F, 0x7F, 0x01, 0x1A, 0xCA, 0x9B, 0x00, 0xD2, 0x7F, 0x7F, 0x01,
    0x21, 0xD2, 0x9C, 0x00, 0x34, 0x7F, 0x7E, 0x01, 0x25, 0xD7, 0x9C, 0x00, 0x6A, 0x7F, 0x7E, 0x01,
    0x27, 0xDB, 0x9C, 0x00, 0x9F, 0x7F, 0x7E, 0x01, 0x27, 0xDC, 0x9C, 0x01, 0xD5, 0x02, 0x7F, 0x7D,
    0x01, 0x25, 0xDB, 0x9D, 0x00, 0x38, 0x7F, 0x7D, 0x01, 0x21, 0xD7, 0x9D, 0x00, 0x6D, 0x7F, 0x7D,
    0x01, 0x1A, 0xD2, 0x9D, 0x00, 0xA3, 0x7F, 0x7D, 0x01, 0x11, 0xCA, 0x9D, 0x01, 0xD8, 0x06, 0x7F,
    0x7C, 0x01, 0x06, 0xC0, 0x9E, 0x00, 0x3B, 0x7F, 0x7D, 0x00, 0xB4, 0x9E, 0x00, 0x70, 0x7F, 0x7D,
    0x00, 0xA6, 0x9E, 0x00, 0xA4, 0x7F, 0x7D, 0x00, 0x96, 0x9E, 0x01, 0xD7, 0x08, 0x7F, 0x7C, 0x00,
    0x83, 0x9F, 0x00, 0x3B, 0x7F, 0x7C, 0x00, 0x6E, 0x9F, 0x00, 0x6E, 0x7F, 0x7C, 0x00, 0x57, 0x9F,
    0x00, 0xA0, 0x7F, 0x7C, 0x00, 0x3E, 0x9F, 0x01, 0xD1, 0x04, 0x7F, 0x7B, 0x01, 0x23, 0xE5, 0x9F,
    0x00, 0x35, 0x7F, 0x7B, 0x01, 0x05, 0xC8, 0x9F, 0x00, 0x65, 0x7F, 0x7C, 0x00, 0xA9, 0x9F, 0x00,
    0x95, 0x7F, 0x7C, 0x00, 0x89, 0x9F, 0x00, 0xC3, 0x7F, 0x7C, 0x00, 0x66, 0x9F, 0x01, 0xF1, 0x26,
    0x7F, 0x7B, 0x00, 0x40, 0xA0, 0x00, 0x53, 0x7F, 0x7B, 0x01, 0x19, 0xE0, 0x9F, 0x00, 0x80, 0x7F,
    0x7C, 0x00, 0xB8, 0x9F, 0x00, 0xAB, 0x7F, 0x7C, 0x00, 0x8D, 0x9F, 0x01, 0xD6, 0x0D, 0x7F, 0x7B,
    0x00, 0x60, 0xA0, 0x00, 0x37, 0x7F, 0x7B, 0x01, 0x31, 0xFC, 0x9F, 0x00, 0x5F, 0x7F, 0x7C, 0x00,
    0xCB, 0x9F, 0x00, 0x87, 0x7F, 0x7C, 0x00, 0x99, 0x9F, 0x00, 0xAE, 0x7F, 0x7C, 0x00, 0x64, 0x9F,
    0x01, 0xD3, 0x0D, 0x7F, 0x7B, 0x01, 0x2E, 0xFC, 0x9E, 0x01, 0xF8, 0x32, 0x7F, 0x7C, 0x00, 0xC4,
    0x9F, 0x00, 0x56, 0x7F, 0x7C, 0x00, 0x8A, 0x9F, 0x00, 0x78, 0x7F, 0x7C, 0x00, 0x4D, 0x9F, 0x00,
    0x9A, 0x7F, 0x7C, 0x01, 0x0F, 0xE0, 0x9E, 0x00, 0xBA, 0x7F, 0x7D, 0x00, 0xA1, 0x9E, 0x01, 0xD9,
    0x16, 0x7F, 0x7C, 0x00, 0x5F, 0x9E, 0x01, 0xF7, 0x35, 0x7F, 0x7C, 0x01, 0x1B, 0xEE, 0x9E, 0x00,
    0x52, 0x7F, 0x7D, 0x00, 0xA9, 0x9E, 0x00, 0x6E, 0x7F, 0x7D, 0x00, 0x62, 0x9E, 0x00, 0x8A, 0x7F,
    0x7D, 0x01, 0x19, 0xEE, 0x9D, 0x00, 0xA4, 0x7F, 0x7E, 0x00, 0xA4, 0x9D, 0x00, 0xBD, 0x7F, 0x7E,
    0x00, 0x57, 0x9D, 0x01, 0xD4, 0x14, 0x7F, 0x7D, 0x01, 0x09, 0xE0, 0x9C, 0x01, 0xEB, 0x2C, 0x7F,
    0x7E, 0x00, 0x90, 0x9D, 0x00, 0x42, 0x7F, 0x7E, 0x00, 0x3E, 0x9D, 0x00, 0x57, 0x7F, 0x7F, 0x00,
    0xC4, 0x9C, 0x00, 0x6B, 0x7F, 0x7F, 0x00, 0x6E, 0x9C, 0x00, 0x7F, 0x7F, 0x7F, 0x01, 0x17, 0xF2,
    0x9B, 0x00, 0x91, 0x7F, 0x7F, 0x01, 0x00, 0x99, 0x9B, 0x00, 0xA3, 0x7F, 0x7F, 0x01, 0x00, 0x3E,
    0x9B, 0x00, 0xB4, 0x7F, 0x7F, 0x02, 0x00, 0x00, 0xBE, 0x9A, 0x01, 0xC4, 0x06, 0x7F, 0x7F, 0x01,
    0x00, 0x60, 0x9A, 0x01, 0xD3, 0x15, 0x7F, 0x7F, 0x02, 0x00, 0x00, 0xDE, 0x99, 0x01, 0xE2, 0x24,
    0x7F, 0x7F, 0x02, 0x00, 0x00, 0x7C, 0x99, 0x01, 0xF0, 0x32, 0x7F, 0x7F, 0x03, 0x00, 0x00, 0x19,
    0xF8, 0x98, 0x01, 0xFD, 0x40, 0x7F, 0x7F, 0x42, 0x00, 0x93, 0x99, 0x00, 0x4D, 0x7F, 0x7F, 0x42,
    0x00, 0x2D, 0x99, 0x00, 0x59, 0x7F, 0x7F, 0x43, 0x00, 0xA5, 0x98, 0x00, 0x65, 0x7F, 0x7F, 0x43,
    0x00, 0x3B, 0x98, 0x00, 0x71, 0x7F, 0x7F, 0x44, 0x00, 0xB1, 0x97, 0x00, 0x7D, 0x7F, 0x7F, 0x44,
    0x00, 0x44, 0x97, 0x00, 0x88, 0x7F, 0x7F, 0x45, 0x00, 0xB8, 0x96, 0x00, 0x93, 0x7F, 0x7F, 0x45,
    0x00, 0x47, 0x96, 0x00, 0x9F, 0x7F, 0x7F, 0x46, 0x00, 0xB9, 0x95, 0x00, 0xAA, 0x7F, 0x7F, 0x46,
    0x00, 0x45, 0x95, 0x00, 0xB5, 0x7F, 0x7F, 0x47, 0x00, 0xB4, 0x94, 0x00, 0xC0, 0x7F, 0x7F, 0x47,
    0x00, 0x3D, 0x94, 0x01, 0xCC, 0x0C, 0x7F, 0x7F, 0x47, 0x00, 0xAA, 0x93, 0x01, 0xD8, 0x17, 0x7F,
    0x7F, 0x47, 0x00, 0x30, 0x93, 0x01, 0xE4, 0x23, 0x7F, 0x7F, 0x48, 0x00, 0x9B, 0x92, 0x01, 0xF1,
    0x2F, 0x7F, 0x7F, 0x48, 0x00, 0x1D, 0x92, 0x01, 0xFE, 0x3B, 0x7F, 0x7F, 0x49, 0x00, 0x86, 0x92,
    0x00, 0x49, 0x7F, 0x7F, 0x49, 0x01, 0x05, 0xEE, 0x91, 0x00, 0x57, 0x7F, 0x7F, 0x4A, 0x00, 0x6C,
    0x91, 0x00, 0x65, 0x7F, 0x7F, 0x4B, 0x00, 0xD2, 0x90, 0x00, 0x75, 0x7F, 0x7F, 0x4B, 0x00, 0x4C,
    0x90, 0x00, 0x85, 0x7F, 0x7F, 0x4C, 0x00, 0xB0, 0x8F, 0x00, 0x96, 0x7F, 0x7F, 0x4C, 0x00, 0x27,
    0x8F, 0x00, 0xA8, 0x7F, 0x7F, 0x4D, 0x00, 0x89, 0x8E, 0x00, 0xBC, 0x7F, 0x7F, 0x4E, 0x00, 0xE9,
    0x8D, 0x01, 0xD1, 0x09, 0x7F, 0x7F, 0x4D, 0x00, 0x5C, 0x8D, 0x01, 0xE7, 0x1E, 0x7F, 0x7F, 0x4E,
    0x00, 0xBA, 0x8C, 0x01, 0xFE, 0x34, 0x7F, 0x7F, 0x4E, 0x00, 0x29, 0x8D, 0x00, 0x4C, 0x7F, 0x7F,
    0x4F, 0x00, 0x85, 0x8C, 0x00, 0x66, 0x7F, 0x7F, 0x50, 0x00, 0xE0, 0x8B, 0x00, 0x81, 0x7F, 0x7F,
    0x50, 0x00, 0x4B, 0x8B, 0x00, 0x9E, 0x7F, 0x7F, 0x51, 0x00, 0xA4, 0x8A, 0x00, 0xBD, 0x7F, 0x7F,
    0x51, 0x01, 0x0C, 0xFC, 0x89, 0x01, 0xDE, 0x0F, 0x7F, 0x7F, 0x51, 0x00, 0x62, 0x8A, 0x00, 0x31,
    0x7F, 0x7F, 0x52, 0x00, 0xB8, 0x89, 0x00, 0x55, 0x7F, 0x7F, 0x52, 0x00, 0x1B, 0x89, 0x00, 0x7B,
    0x7F, 0x7F, 0x53, 0x00, 0x6E, 0x88, 0x00, 0xA4, 0x7F, 0x7F, 0x54, 0x00, 0xC0, 0x87, 0x00, 0xCF,
    0x7F, 0x7F, 0x54, 0x00, 0x20, 0x87, 0x01, 0xFC, 0x28, 0x7F, 0x7F, 0x54, 0x00, 0x6F, 0x87, 0x00,
    0x56, 0x7F, 0x7F, 0x55, 0x00, 0xBE, 0x86, 0x00, 0x88, 0x7F, 0x7F, 0x55, 0x00, 0x19, 0x86, 0x00,
    0xBC, 0x7F, 0x7F, 0x56, 0x00, 0x66, 0x85, 0x01, 0xF3, 0x1B, 0x7F, 0x7F, 0x56, 0x00, 0xB1, 0x85,
    0x00, 0x54, 0x7F, 0x7F, 0x56, 0x01, 0x08, 0xFC, 0x84, 0x00, 0x90, 0x7F, 0x7F, 0x57, 0x00, 0x51,
    0x84, 0x00, 0xD0, 0x7F, 0x7F, 0x58, 0x00, 0x99, 0x84, 0x00, 0x36, 0x7F, 0x7F, 0x58, 0x00, 0xE0,
    0x83, 0x00, 0x7B, 0x7F, 0x7F, 0x58, 0x00, 0x31, 0x83, 0x00, 0xC4, 0x7F, 0x7F, 0x59, 0x00, 0x76,
    0x83, 0x00, 0x31, 0x7F, 0x7F, 0x59, 0x00, 0xBA, 0x82, 0x00, 0x80, 0x7F, 0x7F, 0x59, 0x04, 0x06,
    0xFD, 0xFF, 0xFF, 0xD3, 0x7F, 0x7F, 0x5A, 0x00, 0x48, 0x82, 0x00, 0x47, 0x7F, 0x7F, 0x5A, 0x03,
    0x89, 0xFF, 0xFF, 0xA1, 0x7F, 0x7F, 0x5B, 0x03, 0xC8, 0xFF, 0xFF, 0x1B, 0x7F, 0x7F, 0x5A, 0x03,
    0x0F, 0xFF, 0xFF, 0x7E, 0x7F, 0x7F, 0x5B, 0x02, 0x4C, 0xFF, 0xE5, 0x7F, 0x7F, 0x5C, 0x02, 0x89,
    0xFF, 0x68, 0x7F, 0x7F, 0x5C, 0x01, 0xC4, 0xD9, 0x7F, 0x7F, 0x5C, 0x02, 0x05, 0xFE, 0x64, 0x7F,
    0x7F, 0x5C, 0x01, 0x3E, 0xDF, 0x7F, 0x7F, 0x5D, 0x01, 0x76, 0x73, 0x7F, 0x7F, 0x5D, 0x01, 0xAD,
    0x0B, 0x7F, 0x7F, 0x5D, 0x00, 0x98, 0x7F, 0x7F, 0x5D, 0x01, 0x1D, 0x3B, 0x7F, 0x7F, 0x5D, 0x00,
    0x51, 0x7F, 0x7F, 0x5E, 0x00, 0x83, 0x7F, 0x7F, 0x5E, 0x00, 0x4B, 0x7F, 0x7F, 0x7F, 0x7F, 0x7F,
    0x7F, 0x7F, 0x7F, 0x7F, 0x7F, 0x7F, 0x7F, 0x7F, 0x7F, 0x7F, 0x7F, 0x7F, 0x7F, 0x7F, 0x7F, 0x7F,
    0x7F, 0x7F, 0x7F, 0x7F, 0x7F, 0x7F, 0x7F, 0x7F, 0x7F, 0x7F, 0x7F, 0x7F, 0x7F, 0x7F, 0x7F, 0x7F,
    0x7F, 0x7F, 0x7F, 0x7F, 0x7F, 0x49, 0x02, 0x27, 0x89, 0x1A, 0x7F, 0x7F, 0x5A, 0x02, 0x4C, 0xB0,
    0x2B, 0x7F, 0x7F, 0x59, 0x03, 0x05, 0x6C, 0xD2, 0x63, 0x7F, 0x7F, 0x59, 0x04, 0x1D, 0x86, 0xEE,
    0xB6, 0x1F, 0x7F, 0x7F, 0x58, 0x04, 0x30, 0x9B, 0xFF, 0xFF, 0x80, 0x7F, 0x7F, 0x58, 0x05, 0x3D,
    0xAA, 0xFF, 0xFF, 0xF4, 0x50, 0x7F, 0x7F, 0x57, 0x01, 0x45, 0xB4, 0x82, 0x01, 0xD0, 0x28, 0x7F,
    0x7F, 0x56, 0x01, 0x47, 0xB9, 0x83, 0x01, 0xB1, 0x05, 0x7F, 0x7F, 0x55, 0x01, 0x44, 0xB8, 0x84,
    0x00, 0x98, 0x7F, 0x7F, 0x55, 0x01, 0x3B, 0xB1, 0x85, 0x00, 0x84, 0x7F, 0x7F, 0x54, 0x01, 0x2D,
    0xA5, 0x86, 0x00, 0x75, 0x7F, 0x7F, 0x53, 0x01, 0x19, 0x93, 0x87, 0x00, 0x6A, 0x7F, 0x7F, 0x53,
    0x01, 0x7C, 0xF8, 0x87, 0x00, 0x64, 0x7F, 0x7F, 0x52, 0x01, 0x60, 0xDE, 0x88, 0x00, 0x62, 0x7F,
    0x7F, 0x51, 0x01, 0x3E, 0xBE, 0x89, 0x00, 0x64, 0x7F, 0x7F, 0x50, 0x01, 0x17, 0x99, 0x8A, 0x00,
    0x6A, 0x7F, 0x7F, 0x50, 0x01, 0x6E, 0xF2, 0x8A, 0x00, 0x73, 0x7F, 0x7F, 0x4F, 0x01, 0x3E, 0xC4,
    0x8B, 0x00, 0x80, 0x7F, 0x7F, 0x4E, 0x01, 0x09, 0x90, 0x8C, 0x00, 0x90, 0x7F, 0x7F, 0x4E, 0x01,
    0x57, 0xE0, 0x8C, 0x00, 0xA3, 0x7F, 0x7F, 0x4D, 0x01, 0x19, 0xA4, 0x8D, 0x00, 0xB9, 0x7F, 0x7F,
    0x4D, 0x01, 0x62, 0xEE, 0x8D, 0x01, 0xD2, 0x07, 0x7F, 0x7F, 0x4B, 0x01, 0x1B, 0xA9, 0x8E, 0x01,
    0xED, 0x21, 0x7F, 0x7F, 0x4B, 0x01, 0x5F, 0xEE, 0x8F, 0x00, 0x3D, 0x7F, 0x7F, 0x4A, 0x01, 0x0F,
    0xA1, 0x90, 0x00, 0x5C, 0x7F, 0x7F, 0x4A, 0x01, 0x4D, 0xE0, 0x90, 0x00, 0x7D, 0x7F, 0x7F, 0x4A,
    0x00, 0x8A, 0x91, 0x00, 0xA1, 0x7F, 0x7F, 0x49, 0x01, 0x2E, 0xC4, 0x91, 0x00, 0xC6, 0x7F, 0x7F,
    0x49, 0x01, 0x64, 0xFC, 0x91, 0x01, 0xED, 0x1C, 0x7F, 0x7F, 0x48, 0x00, 0x99, 0x93, 0x00, 0x44,
    0x7F, 0x7F, 0x47, 0x01, 0x31, 0xCB, 0x93, 0x00, 0x6D, 0x7F, 0x7F, 0x47, 0x01, 0x60, 0xFC, 0x93,
    0x00, 0x99, 0x7F, 0x7F, 0x47, 0x00, 0x8D, 0x94, 0x00, 0xC6, 0x7F, 0x7F, 0x46, 0x01, 0x19, 0xB8,
    0x94, 0x01, 0xF4, 0x20, 0x7F, 0x7F, 0x45, 0x01, 0x40, 0xE0, 0x95, 0x00, 0x4F, 0x7F, 0x7F, 0x45,
    0x00, 0x66, 0x96, 0x00, 0x7F, 0x7F, 0x7F, 0x45, 0x00, 0x89, 0x96, 0x00, 0xB0, 0x7F, 0x7F, 0x44,
    0x01, 0x05, 0xA9, 0x96, 0x01, 0xE2, 0x0E, 0x7F, 0x7F, 0x43, 0x01, 0x23, 0xC8, 0x97, 0x00, 0x40,
    0x7F, 0x7F, 0x43, 0x01, 0x3E, 0xE5, 0x97, 0x00, 0x74, 0x7F, 0x7F, 0x43, 0x00, 0x57, 0x98, 0x00,
    0xA9, 0x7F, 0x7F, 0x43, 0x00, 0x6E, 0x98, 0x01, 0xDE, 0x08, 0x7F, 0x7F, 0x42, 0x00, 0x83, 0x99,
    0x00, 0x3E, 0x7F, 0x7F, 0x42, 0x00, 0x96, 0x99, 0x00, 0x74, 0x7F, 0x7F, 0x42, 0x00, 0xA6, 0x99,
    0x00, 0xAA, 0x7F, 0x7F, 0x03, 0x00, 0x00, 0x06, 0xB4, 0x99, 0x01, 0xE1, 0x0C, 0x7F, 0x7F, 0x02,
    0x00, 0x11, 0xC0, 0x9A, 0x00, 0x43, 0x7F, 0x7F, 0x02, 0x00, 0x1A, 0xCA, 0x9A, 0x00, 0x7A, 0x7F,
    0x7F, 0x02, 0x00, 0x21, 0xD2, 0x9A, 0x00, 0xB2, 0x7F, 0x7F, 0x02, 0x00, 0x25, 0xD7, 0x9A, 0x01,
    0xE9, 0x15, 0x7F, 0x7F, 0x01, 0x27, 0xDB, 0x9B, 0x00, 0x4D, 0x7F, 0x7F, 0x01, 0x27, 0xDC, 0x9B,
    0x00, 0x84, 0x7F, 0x7F, 0x01, 0x25, 0xDB, 0x9B, 0x00, 0xBB, 0x7F, 0x7F, 0x01, 0x21, 0xD7, 0x9B,
    0x01, 0xF2, 0x1F, 0x7F, 0x7E, 0x01, 0x1A, 0xD2, 0x9C, 0x00, 0x56, 0x7F, 0x7E, 0x01, 0x11, 0xCA,
    0x9C, 0x00, 0x8D, 0x7F, 0x7E, 0x01, 0x06, 0xC0, 0x9C, 0x00, 0xC3, 0x7F, 0x7F, 0x00, 0xB4, 0x9C,
    0x01, 0xF9, 0x28, 0x7F, 0x7E, 0x00, 0xA6, 0x9D, 0x00, 0x5D, 0x7F, 0x7E, 0x00, 0x96, 0x9D, 0x00,
    0x92, 0x7F, 0x7E, 0x00, 0x83, 0x9D, 0x00, 0xC6, 0x7F, 0x7E, 0x00, 0x6E, 0x9D, 0x01, 0xFA, 0x2B,
    0x7F, 0x7D, 0x00, 0x57, 0x9E, 0x00, 0x5E, 0x7F, 0x7D, 0x00, 0x3E, 0x9E, 0x00, 0x91, 0x7F, 0x7D,
    0x01, 0x23, 0xE5, 0x9D, 0x00, 0xC2, 0x7F, 0x7D, 0x01, 0x05, 0xC8, 0x9D, 0x01, 0xF3, 0x26, 0x7F,
    0x7D, 0x00, 0xA9, 0x9E, 0x00, 0x57, 0x7F, 0x7D, 0x00, 0x89, 0x9E, 0x00, 0x86, 0x7F, 0x7D, 0x00,
    0x66, 0x9E, 0x00, 0xB5, 0x7F, 0x7D, 0x00, 0x40, 0x9E, 0x01, 0xE2, 0x17, 0x7F, 0x7C, 0x01, 0x19,
    0xE0, 0x9E, 0x00, 0x44, 0x7F, 0x7D, 0x00, 0xB8, 0x9E, 0x00, 0x70, 0x7F, 0x7D, 0x00, 0x8D, 0x9E,
    0x00, 0x9B, 0x7F, 0x7D, 0x00, 0x60, 0x9E, 0x00, 0xC4, 0x7F, 0x7D, 0x01, 0x31, 0xFC, 0x9D, 0x01,
    0xED, 0x25, 0x7F, 0x7D, 0x00, 0xCB, 0x9E, 0x00, 0x4D, 0x7F, 0x7D, 0x00, 0x99, 0x9E, 0x00, 0x74,
    0x7F, 0x7D, 0x00, 0x64, 0x9E, 0x00, 0x99, 0x7F, 0x7D, 0x01, 0x2E, 0xFC, 0x9D, 0x00, 0xBD, 0x7F,
    0x7E, 0x00, 0xC4, 0x9D, 0x01, 0xE0, 0x1B, 0x7F, 0x7D, 0x00, 0x8A, 0x9E, 0x00, 0x3E, 0x7F, 0x7D,
    0x00, 0x4D, 0x9E, 0x00, 0x5F, 0x7F, 0x7D, 0x01, 0x0F, 0xE0, 0x9D, 0x00, 0x7F, 0x7F, 0x7E, 0x00,
    0xA1, 0x9D, 0x00, 0x9D, 0x7F, 0x7E, 0x00, 0x5F, 0x9D, 0x00, 0xBA, 0x7F, 0x7E, 0x01, 0x1B, 0xEE,
    0x9C, 0x01, 0xD7, 0x15, 0x7F, 0x7E, 0x00, 0xA9, 0x9C, 0x01, 0xF2, 0x30, 0x7F, 0x7E, 0x00, 0x62,
    0x9D, 0x00, 0x4B, 0x7F, 0x7E, 0x01, 0x19, 0xEE, 0x9C, 0x00, 0x64, 0x7F, 0x7F, 0x00, 0xA4, 0x9C,
    0x00, 0x7B, 0x7F, 0x7F, 0x00, 0x57, 0x9C, 0x00, 0x92, 0x7F, 0x7F, 0x01, 0x09, 0xE0, 0x9B, 0x00,
    0xA8, 0x7F, 0x7F, 0x01, 0x00, 0x90, 0x9B, 0x00, 0xBC, 0x7F, 0x7F, 0x01, 0x00, 0x3E, 0x9B, 0x01,
    0xD0, 0x11, 0x7F, 0x7F, 0x01, 0x00, 0xC4, 0x9A, 0x01, 0xE3, 0x24, 0x7F, 0x7F, 0x01, 0x00, 0x6E,
    0x9A, 0x01, 0xF4, 0x36, 0x7F, 0x7F, 0x02, 0x00, 0x17, 0xF2, 0x9A, 0x00, 0x47, 0x7F, 0x7F, 0x02,
    0x00, 0x00, 0x99, 0x9A, 0x00, 0x57, 0x7F, 0x7F, 0x02, 0x00, 0x00, 0x3E, 0x9A, 0x00, 0x66, 0x7F,
    0x7F, 0x42, 0x00, 0xBE, 0x99, 0x00, 0x75, 0x7F, 0x7F, 0x42, 0x00, 0x60, 0x99, 0x00, 0x82, 0x7F,
    0x7F, 0x43, 0x00, 0xDE, 0x98, 0x00, 0x8F, 0x7F, 0x7F, 0x43, 0x00, 0x7C, 0x98, 0x00, 0x9C, 0x7F,
    0x7F, 0x43, 0x01, 0x19, 0xF8, 0x97, 0x00, 0xA7, 0x7F, 0x7F, 0x44, 0x00, 0x93, 0x97, 0x00, 0xB3,
    0x7F, 0x7F, 0x44, 0x00, 0x2D, 0x97, 0x00, 0xBD, 0x7F, 0x7F, 0x45, 0x00, 0xA5, 0x96, 0x01, 0xC8,
    0x0A, 0x7F, 0x7F, 0x44, 0x00, 0x3B, 0x96, 0x01, 0xD2, 0x14, 0x7F, 0x7F, 0x45, 0x00, 0xB1, 0x95,
    0x01, 0xDC, 0x1E, 0x7F, 0x7F, 0x45, 0x00, 0x44, 0x95, 0x01, 0xE6, 0x27, 0x7F, 0x7F, 0x46, 0x00,
    0xB8, 0x94, 0x01, 0xEF, 0x31, 0x7F, 0x7F, 0x46, 0x00, 0x47, 0x94, 0x01, 0xF9, 0x3A, 0x7F, 0x7F,
    0x47, 0x00, 0xB9, 0x94, 0x00, 0x43, 0x7F, 0x7F, 0x47, 0x00, 0x45, 0x94, 0x00, 0x4D, 0x7F, 0x7F,
    0x48, 0x00, 0xB4, 0x93, 0x00, 0x56, 0x7F, 0x7F, 0x48, 0x00, 0x3D, 0x93, 0x00, 0x60, 0x7F, 0x7F,
    0x49, 0x00, 0xAA, 0x92, 0x00, 0x6A, 0x7F, 0x7F, 0x49, 0x00, 0x30, 0x92, 0x00, 0x74, 0x7F, 0x7F,
    0x4A, 0x00, 0x9B, 0x91, 0x00, 0x7F, 0x7F, 0x7F, 0x4A, 0x00, 0x1D, 0x91, 0x00, 0x8B, 0x7F, 0x7F,
    0x4B, 0x00, 0x86, 0x90, 0x00, 0x97, 0x7F, 0x7F, 0x4B, 0x01, 0x05, 0xEE, 0x8F, 0x00, 0xA4, 0x7F,
    0x7F, 0x4C, 0x00, 0x6C, 0x8F, 0x00, 0xB2, 0x7F, 0x7F, 0x4D, 0x00, 0xD2, 0x8E, 0x00, 0xC1, 0x7F,
    0x7F, 0x4D, 0x00, 0x4C, 0x8E, 0x01, 0xD1, 0x0B, 0x7F, 0x7F, 0x4D, 0x00, 0xB0, 0x8D, 0x01, 0xE2,
    0x1C, 0x7F, 0x7F, 0x4D, 0x00, 0x27, 0x8D, 0x01, 0xF4, 0x2D, 0x7F, 0x7F, 0x4E, 0x00, 0x89, 0x8D,
    0x00, 0x40, 0x7F, 0x7F, 0x4F, 0x00, 0xE9, 0x8C, 0x00, 0x53, 0x7F, 0x7F, 0x4F, 0x00, 0x5C, 0x8C,
    0x00, 0x69, 0x7F, 0x7F, 0x50, 0x00, 0xBA, 0x8B, 0x00, 0x80, 0x7F, 0x7F, 0x50, 0x00, 0x29, 0x8B,
    0x00, 0x98, 0x7F, 0x7F, 0x51, 0x00, 0x85, 0x8A, 0x00, 0xB3, 0x7F, 0x7F, 0x52, 0x00, 0xE0, 0x89,
    0x01, 0xCF, 0x03, 0x7F, 0x7F, 0x51, 0x00, 0x4B, 0x89, 0x01, 0xED, 0x20, 0x7F, 0x7F, 0x52, 0x00,
    0xA4, 0x89, 0x00, 0x3F, 0x7F, 0x7F, 0x52, 0x01, 0x0C, 0xFC, 0x88, 0x00, 0x61, 0x7F, 0x7F, 0x53,
    0x00, 0x62, 0x88, 0x00, 0x84, 0x7F, 0x7F, 0x54, 0x00, 0xB8, 0x87, 0x00, 0xAA, 0x7F, 0x7F, 0x54,
    0x00, 0x1B, 0x87, 0x01, 0xD3, 0x01, 0x7F, 0x7F, 0x54, 0x00, 0x6E, 0x86, 0x01, 0xFE, 0x2B, 0x7F,
    0x7F, 0x55, 0x00, 0xC0, 0x86, 0x00, 0x57, 0x7F, 0x7F, 0x55, 0x00, 0x20, 0x86, 0x00, 0x87, 0x7F,
    0x7F, 0x56, 0x00, 0x6F, 0x85, 0x00, 0xB9, 0x7F, 0x7F, 0x57, 0x00, 0xBE, 0x84, 0x01, 0xEE, 0x17,
    0x7F, 0x7F, 0x56, 0x00, 0x19, 0x85, 0x00, 0x4E, 0x7F, 0x7F, 0x57, 0x00, 0x66, 0x84, 0x00, 0x89,
    0x7F, 0x7F, 0x58, 0x00, 0xB1, 0x83, 0x00, 0xC7, 0x7F, 0x7F, 0x58, 0x01, 0x08, 0xFC, 0x83, 0x00,
    0x2D, 0x7F, 0x7F, 0x58, 0x00, 0x51, 0x83, 0x00, 0x71, 0x7F, 0x7F, 0x59, 0x00, 0x99, 0x82, 0x00,
    0xB9, 0x7F, 0x7F, 0x5A, 0x00, 0xE0, 0x82, 0x00, 0x25, 0x7F, 0x7F, 0x59, 0x00, 0x31, 0x82, 0x00,
    0x74, 0x7F, 0x7F, 0x5A, 0x03, 0x76, 0xFF, 0xFF, 0xC7, 0x7F, 0x7F, 0x5B, 0x03, 0xBA, 0xFF, 0xFF,
    0x3C, 0x7F, 0x7F, 0x5A, 0x03, 0x06, 0xFD, 0xFF, 0x97, 0x7F, 0x7F, 0x5B, 0x03, 0x48, 0xFF, 0xF7,
    0x12, 0x7F, 0x7F, 0x5B, 0x02, 0x89, 0xFF, 0x76, 0x7F, 0x7F, 0x5C, 0x01, 0xC8, 0xDF, 0x7F, 0x7F,
    0x5C, 0x02, 0x0F, 0xFF, 0x65, 0x7F, 0x7F, 0x5C, 0x01, 0x4C, 0xD9, 0x7F, 0x7F, 0x5D, 0x01, 0x89,
    0x68, 0x7F, 0x7F, 0x5D, 0x00, 0xC4, 0x7F, 0x7F, 0x5D, 0x01, 0x05, 0x81, 0x7F, 0x7F, 0x5D, 0x01,
    0x3E, 0x1F, 0x7F, 0x7F, 0x5D, 0x00, 0x76, 0x7F, 0x7F, 0x5E, 0x00, 0x64, 0x7F, 0x7F, 0x5E, 0x00,
    0x1D, 0x7F, 0x7F, 0x7F, 0x7F, 0x7F, 0x7F, 0x7F, 0x7F, 0x7F, 0x7F, 0x7F, 0x7F, 0x7F, 0x7F, 0x7F,
    0x7F, 0x7F, 0x7F, 0x7F, 0x7F, 0x7F, 0x7F, 0x7F, 0x7F, 0x7F, 0x7F, 0x7F, 0x7F, 0x7F, 0x7F, 0x7F,
    0x7F, 0x7F, 0x7F, 0x7F, 0x7F, 0x7F, 0x7F, 0x7F, 0x7F, 0x7F, 0x7F, 0x7F, 0x7F, 0x7F, 0x7F, 0x7F,
    0x7F, 0x7F, 0x7F, 0x7F, 0x7F, 0x48, 0x02, 0x27, 0x89, 0x1A, 0x7F, 0x7F, 0x5A, 0x02, 0x4C, 0xB0,
    0x2B, 0x7F, 0x7F, 0x59, 0x03, 0x05, 0x6C, 0xD2, 0x63, 0x7F, 0x7F, 0x59, 0x04, 0x1D, 0x86, 0xEE,
    0xB6, 0x1F, 0x7F, 0x7F, 0x58, 0x04, 0x30, 0x9B, 0xFF, 0xFF, 0x80, 0x7F, 0x7F, 0x58, 0x05, 0x3D,
    0xAA, 0xFF, 0xFF, 0xF4, 0x50, 0x7F, 0x7F, 0x57, 0x01, 0x45, 0xB4, 0x82, 0x01, 0xD0, 0x28, 0x7F,
    0x7F, 0x56, 0x01, 0x47, 0xB9, 0x83, 0x01, 0xB1, 0x05, 0x7F, 0x7F, 0x55, 0x01, 0x44, 0xB8, 0x84,
    0x00, 0x98, 0x7F, 0x7F, 0x55, 0x01, 0x3B, 0xB1, 0x85, 0x00, 0x84, 0x7F, 0x7F, 0x54, 0x01, 0x2D,
    0xA5, 0x86, 0x00, 0x75, 0x7F, 0x7F, 0x53, 0x01, 0x19, 0x93, 0x87, 0x00, 0x6A, 0x7F, 0x7F, 0x53,
    0x01, 0x7C, 0xF8, 0x87, 0x00, 0x64, 0x7F, 0x7F, 0x52, 0x01, 0x60, 0xDE, 0x88, 0x00, 0x62, 0x7F,
    0x7F, 0x51, 0x01, 0x3E, 0xBE, 0x89, 0x00, 0x64, 0x7F, 0x7F, 0x50, 0x01, 0x17, 0x99, 0x8A, 0x00,
    0x6A, 0x7F, 0x7F, 0x50, 0x01, 0x6E, 0xF2, 0x8A, 0x00, 0x73, 0x7F, 0x7F, 0x4F, 0x01, 0x3E, 0xC4,
    0x8B, 0x00, 0x80, 0x7F, 0x7F, 0x4E, 0x01, 0x09, 0x90, 0x8C, 0x00, 0x90, 0x7F, 0x7F, 0x4E, 0x01,
    0x57, 0xE0, 0x8C, 0x00, 0xA3, 0x7F, 0x7F, 0x4D, 0x01, 0x19, 0xA4, 0x8D, 0x00, 0xB9, 0x7F, 0x7F,
    0x4D, 0x01, 0x62, 0xEE, 0x8D, 0x01, 0xD2, 0x07, 0x7F, 0x7F, 0x4B, 0x01, 0x1B, 0xA9, 0x8E, 0x01,
    0xED, 0x21, 0x7F, 0x7F, 0x4B, 0x01, 0x5F, 0xEE, 0x8F, 0x00, 0x3D, 0x7F, 0x7F, 0x4A, 0x01, 0x0F,
    0xA1, 0x90, 0x00, 0x5C, 0x7F, 0x7F, 0x4A, 0x01, 0x4D, 0xE0, 0x90, 0x00, 0x7D, 0x7F, 0x7F, 0x4A,
    0x00, 0x8A, 0x91, 0x00, 0xA1, 0x7F, 0x7F, 0x49, 0x01, 0x2E, 0xC4, 0x91, 0x00, 0xC6, 0x7F, 0x7F,
    0x49, 0x01, 0x64, 0xFC, 0x91, 0x01, 0xED, 0x1C, 0x7F, 0x7F, 0x48, 0x00, 0x99, 0x93, 0x00, 0x44,
    0x7F, 0x7F, 0x47, 0x01, 0x31, 0xCB, 0x93, 0x00, 0x6D, 0x7F, 0x7F, 0x47, 0x01, 0x60, 0xFC, 0x93,
    0x00, 0x99, 0x7F, 0x7F, 0x47, 0x00, 0x8D, 0x94, 0x00, 0xC6, 0x7F, 0x7F, 0x46, 0x01, 0x19, 0xB8,
    0x94, 0x01, 0xF4, 0x20, 0x7F, 0x7F, 0x45, 0x01, 0x40, 0xE0, 0x95, 0x00, 0x4F, 0x7F, 0x7F, 0x45,
    0x00, 0x66, 0x96, 0x00, 0x7F, 0x7F, 0x7F, 0x45, 0x00, 0x89, 0x96, 0x00, 0xB0, 0x7F, 0x7F, 0x44,
    0x01, 0x05, 0xA9, 0x96, 0x01, 0xE2, 0x0E, 0x7F, 0x7F, 0x43, 0x01, 0x23, 0xC8, 0x97, 0x00, 0x40,
    0x7F, 0x7F, 0x43, 0x01, 0x3E, 0xE5, 0x97, 0x00, 0x74, 0x7F, 0x7F, 0x43, 0x00, 0x57, 0x98, 0x00,
    0xA9, 0x7F, 0x7F, 0x43, 0x00, 0x6E, 0x98, 0x01, 0xDE, 0x08, 0x7F, 0x7F, 0x42, 0x00, 0x83, 0x99,
    0x00, 0x3E, 0x7F, 0x7F, 0x42, 0x00, 0x96, 0x99, 0x00, 0x74, 0x7F, 0x7F, 0x42, 0x00, 0xA6, 0x99,
    0x00, 0xAA, 0x7F, 0x7F, 0x03, 0x00, 0x00, 0x06, 0xB4, 0x99, 0x01, 0xE1, 0x0C, 0x7F, 0x7F, 0x02,
    0x00, 0x11, 0xC0, 0x9A, 0x00, 0x43, 0x7F, 0x7F, 0x02, 0x00, 0x1A, 0xCA, 0x9A, 0x00, 0x7A, 0x7F,
    0x7F, 0x02, 0x00, 0x21, 0xD2, 0x9A, 0x00, 0xB2, 0x7F, 0x7F, 0x02, 0x00, 0x25, 0xD7, 0x9A, 0x01,
    0xE9, 0x15, 0x7F, 0x7F, 0x01, 0x27, 0xDB, 0x9B, 0x00, 0x4D, 0x7F, 0x7F, 0x01, 0x27, 0xDC, 0x9B,
    0x00, 0x84, 0x7F, 0x7F, 0x01, 0x25, 0xDB, 0x9B, 0x00, 0xBB, 0x7F, 0x7F, 0x01, 0x21, 0xD7, 0x9B,
    0x01, 0xF2, 0x1F, 0x7F, 0x7E, 0x01, 0x1A, 0xD2, 0x9C, 0x00, 0x56, 0x7F, 0x7E, 0x01, 0x11, 0xCA,
    0x9C, 0x00, 0x8D, 0x7F, 0x7E, 0x01, 0x06, 0xC0, 0x9C, 0x00, 0xC3, 0x7F, 0x7F, 0x00, 0xB4, 0x9C,
    0x01, 0xF9, 0x28, 0x7F, 0x7E, 0x00, 0xA6, 0x9D, 0x00, 0x5D, 0x7F, 0x7E, 0x00, 0x96, 0x9D, 0x00,
    0x92, 0x7F, 0x7E, 0x00, 0x83, 0x9D, 0x00, 0xC6, 0x7F, 0x7E, 0x00, 0x6E, 0x9D, 0x01, 0xFA, 0x2B,
    0x7F, 0x7D, 0x00, 0x57, 0x9E, 0x00, 0x5E, 0x7F, 0x7D, 0x00, 0x3E, 0x9E, 0x00, 0x91, 0x7F, 0x7D,
    0x01, 0x23, 0xE5, 0x9D, 0x00, 0xC2, 0x7F, 0x7D, 0x01, 0x05, 0xC8, 0x9D, 0x01, 0xF3, 0x26, 0x7F,
    0x7D, 0x00, 0xA9, 0x9E, 0x00, 0x57, 0x7F, 0x7D, 0x00, 0x89, 0x9E, 0x00, 0x86, 0x7F, 0x7D, 0x00,
    0x66, 0x9E, 0x00, 0xB5, 0x7F, 0x7D, 0x00, 0x40, 0x9E, 0x01, 0xE2, 0x17, 0x7F, 0x7C, 0x01, 0x19,
    0xE0, 0x9E, 0x00, 0x44, 0x7F, 0x7D, 0x00, 0xB8, 0x9E, 0x00, 0x70, 0x7F, 0x7D, 0x00, 0x8D, 0x9E,
    0x00, 0x9B, 0x7F, 0x7D, 0x00, 0x60, 0x9E, 0x00, 0xC4, 0x7F, 0x7D, 0x01, 0x31, 0xFC, 0x9D, 0x01,
    0xED, 0x25, 0x7F, 0x7D, 0x00, 0xCB, 0x9E, 0x00, 0x4D, 0x7F, 0x7D, 0x00, 0x99, 0x9E, 0x00, 0x74,
    0x7F, 0x7D, 0x00, 0x64, 0x9E, 0x00, 0x99, 0x7F, 0x7D, 0x01, 0x2E, 0xFC, 0x9D, 0x00, 0xBD, 0x7F,
    0x7E, 0x00, 0xC4, 0x9D, 0x01, 0xE0, 0x1B, 0x7F, 0x7D, 0x00, 0x8A, 0x9E, 0x00, 0x3E, 0x7F, 0x7D,
    0x00, 0x4D, 0x9E, 0x00, 0x5F, 0x7F, 0x7D, 0x01, 0x0F, 0xE0, 0x9D, 0x00, 0x7F, 0x7F, 0x7E, 0x00,
    0xA1, 0x9D, 0x00, 0x9D, 0x7F, 0x7E, 0x00, 0x5F, 0x9D, 0x00, 0xBA, 0x7F, 0x7E, 0x01, 0x1B, 0xEE,
    0x9C, 0x01, 0xD7, 0x15, 0x7F, 0x7E, 0x00, 0xA9, 0x9C, 0x01, 0xF2, 0x30, 0x7F, 0x7E, 0x00, 0x62,
    0x9D, 0x00, 0x4B, 0x7F, 0x7E, 0x01, 0x19, 0xEE, 0x9C, 0x00, 0x64, 0x7F, 0x7F, 0x00, 0xA4, 0x9C,
    0x00, 0x7B, 0x7F, 0x7F, 0x00, 0x57, 0x9C, 0x00, 0x92, 0x7F, 0x7F, 0x01, 0x09, 0xE0, 0x9B, 0x00,
    0xA8, 0x7F, 0x7F, 0x01, 0x00, 0x90, 0x9B, 0x00, 0xBC, 0x7F, 0x7F, 0x01, 0x00, 0x3E, 0x9B, 0x01,
    0xD0, 0x11, 0x7F, 0x7F, 0x01, 0x00, 0xC4, 0x9A, 0x01, 0xE3, 0x24, 0x7F, 0x7F, 0x01, 0x00, 0x6E,
    0x9A, 0x01, 0xF4, 0x36, 0x7F, 0x7F, 0x02, 0x00, 0x17, 0xF2, 0x9A, 0x00, 0x47, 0x7F, 0x7F, 0x02,
    0x00, 0x00, 0x99, 0x9A, 0x00, 0x57, 0x7F, 0x7F, 0x02, 0x00, 0x00, 0x3E, 0x9A, 0x00, 0x66, 0x7F,
    0x7F, 0x42, 0x00, 0xBE, 0x99, 0x00, 0x75, 0x7F, 0x7F, 0x42, 0x00, 0x60, 0x99, 0x00, 0x82, 0x7F,
    0x7F, 0x43, 0x00, 0xDE, 0x98, 0x00, 0x8F, 0x7F, 0x7F, 0x43, 0x00, 0x7C, 0x98, 0x00, 0x9C, 0x7F,
    0x7F, 0x43, 0x01, 0x19, 0xF8, 0x97, 0x00, 0xA7, 0x7F, 0x7F, 0x44, 0x00, 0x93, 0x97, 0x00, 0xB3,
    0x7F, 0x7F, 0x44, 0x00, 0x2D, 0x97, 0x00, 0xBD, 0x7F, 0x7F, 0x45, 0x00, 0xA5, 0x96, 0x01, 0xC8,
    0x0A, 0x7F, 0x7F, 0x44, 0x00, 0x3B, 0x96, 0x01, 0xD2, 0x14, 0x7F, 0x7F, 0x45, 0x00, 0xB1, 0x95,
    0x01, 0xDC, 0x1E, 0x7F, 0x7F, 0x45, 0x00, 0x44, 0x95, 0x01, 0xE6, 0x27, 0x7F, 0x7F, 0x46, 0x00,
    0xB8, 0x94, 0x01, 0xEF, 0x31, 0x7F, 0x7F, 0x46, 0x00, 0x47, 0x94, 0x01, 0xF9, 0x3A, 0x7F, 0x7F,
    0x47, 0x00, 0xB9, 0x94, 0x00, 0x43, 0x7F, 0x7F, 0x47, 0x00, 0x45, 0x94, 0x00, 0x4D, 0x7F, 0x7F,
    0x48, 0x00, 0xB4, 0x93, 0x00, 0x56, 0x7F, 0x7F, 0x48, 0x00, 0x3D, 0x93, 0x00, 0x60, 0x7F, 0x7F,
    0x49, 0x00, 0xAA, 0x92, 0x00, 0x6A, 0x7F, 0x7F, 0x49, 0x00, 0x30, 0x92, 0x00, 0x74, 0x7F, 0x7F,
    0x4A, 0x00, 0x9B, 0x91, 0x00, 0x7F, 0x7F, 0x7F, 0x4A, 0x00, 0x1D, 0x91, 0x00, 0x8B, 0x7F, 0x7F,
    0x4B, 0x00, 0x86, 0x90, 0x00, 0x97, 0x7F, 0x7F, 0x4B, 0x01, 0x05, 0xEE, 0x8F, 0x00, 0xA4, 0x7F,
    0x7F, 0x4C, 0x00, 0x6C, 0x8F, 0x00, 0xB2, 0x7F, 0x7F, 0x4D, 0x00, 0xD2, 0x8E, 0x00, 0xC1, 0x7F,
    0x7F, 0x4D, 0x00, 0x4C, 0x8E, 0x01, 0xD1, 0x0B, 0x7F, 0x7F, 0x4D, 0x00, 0xB0, 0x8D, 0x01, 0xE2,
    0x1C, 0x7F, 0x7F, 0x4D, 0x00, 0x27, 0x8D, 0x01, 0xF4, 0x2D, 0x7F, 0x7F, 0x4E, 0x00, 0x89, 0x8D,
    0x00, 0x40, 0x7F, 0x7F, 0x4F, 0x00, 0xE9, 0x8C, 0x00, 0x53, 0x7F, 0x7F, 0x4F, 0x00, 0x5C, 0x8C,
    0x00, 0x69, 0x7F, 0x7F, 0x50, 0x00, 0xBA, 0x8B, 0x00, 0x80, 0x7F, 0x7F, 0x50, 0x00, 0x29, 0x8B,
    0x00, 0x98, 0x7F, 0x7F, 0x51, 0x00, 0x85, 0x8A, 0x00, 0xB3, 0x7F, 0x7F, 0x52, 0x00, 0xE0, 0x89,
    0x01, 0xCF, 0x03, 0x7F, 0x7F, 0x51, 0x00, 0x4B, 0x89, 0x01, 0xED, 0x20, 0x7F, 0x7F, 0x52, 0x00,
    0xA4, 0x89, 0x00, 0x3F, 0x7F, 0x7F, 0x52, 0x01, 0x0C, 0xFC, 0x88, 0x00, 0x61, 0x7F, 0x7F, 0x53,
    0x00, 0x62, 0x88, 0x00, 0x84, 0x7F, 0x7F, 0x54, 0x00, 0xB8, 0x87, 0x00, 0xAA, 0x7F, 0x7F, 0x54,
    0x00, 0x1B, 0x87, 0x01, 0xD3, 0x01, 0x7F, 0x7F, 0x54, 0x00, 0x6E, 0x86, 0x01, 0xFE, 0x2B, 0x7F,
    0x7F, 0x55, 0x00, 0xC0, 0x86, 0x00, 0x57, 0x7F, 0x7F, 0x55, 0x00, 0x20, 0x86, 0x00, 0x87, 0x7F,
    0x7F, 0x56, 0x00, 0x6F, 0x85, 0x00, 0xB9, 0x7F, 0x7F, 0x57, 0x00, 0xBE, 0x84, 0x01, 0xEE, 0x17,
    0x7F, 0x7F, 0x56, 0x00, 0x19, 0x85, 0x00, 0x4E, 0x7F, 0x7F, 0x57, 0x00, 0x66, 0x84, 0x00, 0x89,
    0x7F, 0x7F, 0x58, 0x00, 0xB1, 0x83, 0x00, 0xC7, 0x7F, 0x7F, 0x58, 0x01, 0x08, 0xFC, 0x83, 0x00,
    0x2D, 0x7F, 0x7F, 0x58, 0x00, 0x51, 0x83, 0x00, 0x71, 0x7F, 0x7F, 0x59, 0x00, 0x99, 0x82, 0x00,
    0xB9, 0x7F, 0x7F, 0x5A, 0x00, 0xE0, 0x82, 0x00, 0x25, 0x7F, 0x7F, 0x59, 0x00, 0x31, 0x82, 0x00,
    0x74, 0x7F, 0x7F, 0x5A, 0x03, 0x76, 0xFF, 0xFF, 0xC7, 0x7F, 0x7F, 0x5B, 0x03, 0xBA, 0xFF, 0xFF,
    0x3C, 0x7F, 0x7F, 0x5A, 0x03, 0x06, 0xFD, 0xFF, 0x97, 0x7F, 0x7F, 0x5B, 0x03, 0x48, 0xFF, 0xF7,
    0x12, 0x7F, 0x7F, 0x5B, 0x02, 0x89, 0xFF, 0x76, 0x7F, 0x7F, 0x5C, 0x01, 0xC8, 0xDF, 0x7F, 0x7F,
    0x5C, 0x02, 0x0F, 0xFF, 0x65, 0x7F, 0x7F, 0x5C, 0x01, 0x4C, 0xD9, 0x7F, 0x7F, 0x5D, 0x01, 0x89,
    0x68, 0x7F, 0x7F, 0x5D, 0x00, 0xC4, 0x7F, 0x7F, 0x5D, 0x01, 0x05, 0x81, 0x7F, 0x7F, 0x5D, 0x01,
    0x3E, 0x1F, 0x7F, 0x7F, 0x5D, 0x00, 0x76, 0x7F, 0x7F, 0x5E, 0x00, 0x64, 0x7F, 0x7F, 0x5E, 0x00,
    0x1D, 0x7F, 0x7F, 0x7F, 0x7F, 0x7F, 0x7F, 0x7F, 0x7F, 0x7F, 0x7F, 0x7F, 0x7F, 0x7F, 0x7F, 0x7F,
    0x7F, 0x7F, 0x7F, 0x7F, 0x7F, 0x7F, 0x7F, 0x7F, 0x7F, 0x7F, 0x7F, 0x7F, 0x7F, 0x7F, 0x7F, 0x7F,
    0x7F, 0x7F, 0x7F, 0x7F, 0x7F, 0x7F, 0x7F, 0x7F, 0x7F, 0x7F, 0x7F, 0x7F, 0x7F, 0x7F, 0x7F, 0x7F,
    0x7F, 0x7F, 0x7F, 0x7F, 0x7F, 0x7F, 0x7F, 0x7F, 0x7F, 0x7F, 0x7F, 0x7F, 0x7F, 0x7F, 0x7F, 0x7F,
    0x7F, 0x7F, 0x7F, 0x7F, 0x7F, 0x7F, 0x7F, 0x7F, 0x7F, 0x7F, 0x7F, 0x7F, 0x7F, 0x7F, 0x7F, 0x7F,
    0x7F, 0x7F, 0x7F, 0x7F, 0x7F, 0x7F, 0x7F, 0x7F, 0x7F, 0x7F, 0x7F, 0x7F, 0x7F, 0x7F, 0x7F, 0x7F,
    0x7F, 0x7F, 0x7F, 0x7F, 0x7F, 0x7F, 0x7F, 0x7F, 0x7F, 0x7F, 0x7F, 0x7F, 0x7F, 0x7F, 0x7F, 0x7F,
    0x7F, 0x7F, 0x7F, 0x7F, 0x7F, 0x7F, 0x7F, 0x7F, 0x7F, 0x7F, 0x7F, 0x7F, 0x7F, 0x7F, 0x7F, 0x7F,
    0x7F, 0x7F, 0x7F, 0x7F, 0x7F, 0x7F, 0x7F, 0x7F, 0x7F, 0x7F, 0x7F, 0x7F, 0x7F, 0x7F, 0x7F, 0x7F,
    0x7F, 0x7F, 0x7F, 0x7F, 0x7F, 0x7F, 0x7F, 0x7F, 0x7F, 0x7F, 0x7F, 0x7F, 0x7F, 0x7F, 0x7F, 0x7F,
    0x7F, 0x7F, 0x7F, 0x7F, 0x7F, 0x7F, 0x7F, 0x7F, 0x7F, 0x7F, 0x7F, 0x7F, 0x7F, 0x7F, 0x7F, 0x7F,
    0x7F, 0x7F, 0x7F, 0x7F, 0x7F, 0x7F, 0x7F, 0x7F, 0x7F, 0x7F, 0x7F, 0x7F, 0x7F, 0x7F, 0x7F, 0x7F,
    0x7F, 0x7F, 0x7A, 0x00, 0x67, 0x7F, 0x7F, 0x5E, 0x01, 0x2E, 0xA6, 0x7F, 0x7F, 0x5D, 0x02, 0x1C,
    0xFF, 0x96, 0x7F, 0x7F, 0x5C, 0x03, 0x1F, 0xFF, 0xFF, 0x83, 0x7F, 0x7F, 0x5B, 0x00, 0x2D, 0x82,
    0x00, 0x6E, 0x7F, 0x7F, 0x5A, 0x00, 0x3E, 0x83, 0x00, 0x57, 0x7F, 0x7F, 0x59, 0x00, 0x4E, 0x84,
    0x00, 0x3E, 0x7F, 0x7F, 0x58, 0x00, 0x57, 0x84, 0x01, 0xE5, 0x23, 0x7F, 0x7F, 0x57, 0x00, 0x57,
    0x85, 0x01, 0xC8, 0x05, 0x7F, 0x7F, 0x56, 0x00, 0x49, 0x86, 0x00, 0xA9, 0x7F, 0x7F, 0x56, 0x00,
    0x2A, 0x87, 0x00, 0x89, 0x7F, 0x7F, 0x56, 0x88, 0x00, 0x66, 0x7F, 0x7F, 0x55, 0x00, 0xB7, 0x88,
    0x00, 0x40, 0x7F, 0x7F, 0x54, 0x00, 0x47, 0x88, 0x01, 0xE0, 0x19, 0x7F, 0x7F, 0x54, 0x00, 0x85,
    0x88, 0x00, 0xB8, 0x7F, 0x7F, 0x55, 0x00, 0x6F, 0x88, 0x00, 0x8D, 0x7F, 0x7F, 0x55, 0x02, 0x07,
    0x74, 0xD4, 0x86, 0x00, 0x60, 0x7F, 0x7F, 0x58, 0x07, 0x24, 0x59, 0x89, 0xB7, 0xE4, 0xFF, 0xFC,
    0x31, 0x7F, 0x7F, 0x5D, 0x01, 0x0A, 0x6C, 0x7F, 0x7F, 0x7F, 0x7F, 0x7F, 0x7F, 0x7F, 0x7F, 0x7F,
    0x7F, 0x7F, 0x7F, 0x7F, 0x7F, 0x7F, 0x7F, 0x7F, 0x7F, 0x7F, 0x7F, 0x7F, 0x7F, 0x7F, 0x7F, 0x7F,
    0x7F, 0x7F, 0x7F, 0x7F, 0x7F, 0x7F, 0x7F, 0x7F, 0x7F, 0x7F, 0x7F, 0x7F, 0x7F, 0x7F, 0x7F, 0x7F,
    0x7F, 0x7F, 0x7F, 0x7F, 0x7F, 0x7F, 0x7F, 0x7F, 0x7F, 0x7F, 0x7F, 0x7F, 0x7F, 0x7F, 0x7F, 0x7F,
    0x7F, 0x7F, 0x7F, 0x7F, 0x7F, 0x7F, 0x7F, 0x7F, 0x7F, 0x7F, 0x7F, 0x7F, 0x7F, 0x7F, 0x7F, 0x7F,
    0x7F, 0x7F, 0x7F, 0x7F, 0x7F, 0x7F, 0x7F, 0x7F, 0x7F, 0x7F, 0x7F, 0x7F, 0x7F, 0x7F, 0x7F, 0x7F,
    0x7F, 0x7F, 0x7F, 0x7F, 0x7F, 0x7F, 0x7F, 0x7F, 0x7F, 0x7F, 0x7F, 0x7F, 0x7F, 0x7F, 0x7F, 0x7F,
    0x7F, 0x7F, 0x7F, 0x7F, 0x7F, 0x7F, 0x7F, 0x7F, 0x7F, 0x7F, 0x7F, 0x7F, 0x7F, 0x7F, 0x7F, 0x7F,
    0x7F, 0x7F, 0x7F, 0x7F, 0x7F, 0x7F, 0x7F, 0x7F, 0x7F, 0x7F, 0x7F, 0x7F, 0x7F, 0x7F, 0x7F, 0x7F,
    0x7F, 0x7F, 0x7F, 0x7F, 0x7F, 0x7F, 0x7F, 0x7F, 0x7F, 0x7F, 0x7F, 0x7F, 0x7F, 0x7F, 0x7F, 0x7F,
    0x7F, 0x7F, 0x7F, 0x7F, 0x7F, 0x7F, 0x7F, 0x7F, 0x7F, 0x7F, 0x7F, 0x7F, 0x7F, 0x7F, 0x7F, 0x7F,
    0x7F, 0x7F, 0x7F, 0x7F, 0x7F, 0x7F, 0x7F, 0x7F, 0x7F, 0x7F, 0x7F, 0x7F, 0x7F, 0x7F, 0x7F, 0x7F,
    0x7F, 0x7F, 0x7F, 0x7F, 0x7F, 0x7F, 0x7F, 0x7F, 0x7F, 0x7F, 0x7F, 0x7F, 0x7F, 0x7F, 0x7F, 0x7F,
    0x7F, 0x7F, 0x7F, 0x7F, 0x7F, 0x7F, 0x7F, 0x7F, 0x7F, 0x7F, 0x7F, 0x7F, 0x7F, 0x7F, 0x7F, 0x7F,
    0x7F, 0x7F, 0x7F, 0x7F, 0x7F, 0x7F, 0x7F, 0x7F, 0x7F, 0x7F, 0x7F, 0x7F, 0x7F, 0x7F, 0x7F, 0x7F,
    0x7F, 0x7F, 0x7F, 0x7F, 0x7F, 0x7F, 0x7F, 0x7F, 0x7F, 0x7F, 0x7F, 0x7F, 0x7F, 0x7F, 0x7F, 0x7F,
    0x7F, 0x7F, 0x7F, 0x7F, 0x7F, 0x7F, 0x7F, 0x7F, 0x7F, 0x7F, 0x7F, 0x7F, 0x7F, 0x7F, 0x7F, 0x7F,
    0x7F, 0x7F, 0x7F, 0x7F, 0x7F, 0x7F, 0x7F, 0x7F, 0x7F, 0x7F, 0x7F, 0x7F, 0x7F, 0x7F, 0x7F, 0x7F,
    0x7F, 0x7F, 0x7F, 0x7F, 0x7F, 0x7F, 0x7F, 0x7F, 0x7F, 0x7F, 0x7F, 0x7F, 0x7F, 0x7F, 0x7F, 0x7F,
    0x7F, 0x7F, 0x7F, 0x7F, 0x7F, 0x7F, 0x7F, 0x7F, 0x7F, 0x7F, 0x7F, 0x7F, 0x7F, 0x7F, 0x7F, 0x7F,
    0x7F, 0x7F, 0x7F, 0x7F, 0x7F, 0x7F, 0x7F, 0x7F, 0x7F, 0x7F, 0x7F, 0x7F, 0x7F, 0x7F, 0x7F, 0x7F,
    0x7F, 0x7F, 0x7F, 0x7F, 0x7F, 0x7F, 0x7F, 0x7F, 0x7F, 0x7F, 0x7F, 0x7F, 0x7F, 0x7F, 0x7F, 0x7F,
    0x7F, 0x7F, 0x7F, 0x7F, 0x7F, 0x7F, 0x7F, 0x7F, 0x7F, 0x7F, 0x7F, 0x7F, 0x7F, 0x7F, 0x7F, 0x7F,
    0x7F, 0x7F, 0x7F, 0x7F, 0x7F, 0x7F, 0x7F, 0x7F, 0x7F, 0x7F, 0x7F, 0x7F, 0x7F, 0x7F, 0x7F, 0x7F,
    0x7F, 0x7F, 0x7F, 0x7F, 0x7F, 0x7F, 0x7F, 0x7F, 0x7F, 0x7F, 0x02, 0x00, 0x00, 0x92, 0x7F, 0x7F,
    0x5E, 0x01, 0x0B, 0xA6, 0x7F, 0x7F, 0x5E, 0x02, 0x8E, 0xB4, 0x06, 0x7F, 0x7F, 0x5C, 0x03, 0x26,
    0xFF, 0xC0, 0x11, 0x7F, 0x7F, 0x5C, 0x03, 0xD6, 0xFF, 0xCA, 0x1A, 0x7F, 0x7F, 0x5B, 0x04, 0x7E,
    0xFF, 0xFF, 0xD2, 0x21, 0x7F, 0x7F, 0x5A, 0x00, 0x2A, 0x82, 0x01, 0xD7, 0x25, 0x7F, 0x7F, 0x5A,
    0x00, 0xF8, 0x82, 0x01, 0xDB, 0x27, 0x7F, 0x7F, 0x59, 0x00, 0xAC, 0x83, 0x01, 0xDC, 0x27, 0x7F,
    0x7F, 0x58, 0x00, 0x61, 0x84, 0x01, 0xDB, 0x25, 0x7F, 0x7F, 0x57, 0x00, 0x18, 0x85, 0x01, 0xD7,
    0x21, 0x7F, 0x7F, 0x57, 0x00, 0xF2, 0x85, 0x01, 0xD2, 0x1A, 0x7F, 0x7F, 0x56, 0x00, 0xAA, 0x86,
    0x01, 0xCA, 0x11, 0x7F, 0x7F, 0x55, 0x00, 0x61, 0x87, 0x01, 0xC0, 0x06, 0x7F, 0x7F, 0x54, 0x00,
    0x19, 0x88, 0x00, 0xB4, 0x7F, 0x7F, 0x55, 0x00, 0xEB, 0x88, 0x00, 0xA6, 0x7F, 0x7F, 0x54, 0x00,
    0x9E, 0x89, 0x00, 0x96, 0x7F, 0x7F, 0x53, 0x00, 0x50, 0x8A, 0x00, 0x83, 0x7F, 0x7F, 0x53, 0x8B,
    0x00, 0x6E, 0x7F, 0x7F, 0x52, 0x00, 0xBC, 0x8B, 0x00, 0x57, 0x7F, 0x7F, 0x51, 0x00, 0x64, 0x8C,
    0x00, 0x3E, 0x7F, 0x7F, 0x50, 0x00, 0x09, 0x8C, 0x01, 0xE5, 0x23, 0x7F, 0x7F, 0x50, 0x00, 0xAC,
    0x8C, 0x01, 0xC8, 0x05, 0x7F, 0x7F, 0x4F, 0x00, 0x46, 0x8D, 0x00, 0xA9, 0x7F, 0x7F, 0x50, 0x00,
    0xD2, 0x8D, 0x00, 0x89, 0x7F, 0x7F, 0x4F, 0x00, 0x61, 0x8E, 0x00, 0x66, 0x7F, 0x7F, 0x4F, 0x00,
    0xD4, 0x8E, 0x00, 0x40, 0x7F, 0x7F, 0x4E, 0x00, 0x56, 0x8E, 0x01, 0xE0, 0x19, 0x7F, 0x7F, 0x4E,
    0x00, 0xAE, 0x8E, 0x00, 0xB8, 0x7F, 0x7F, 0x4E, 0x01, 0x22, 0xF5, 0x8E, 0x00, 0x8D, 0x7F, 0x7F,
    0x4E, 0x00, 0x5E, 0x8F, 0x00, 0x60, 0x7F, 0x7F, 0x4E, 0x00, 0x88, 0x8E, 0x01, 0xFC, 0x31, 0x7F,
    0x7F, 0x4E, 0x00, 0x9F, 0x8E, 0x00, 0xCB, 0x7F, 0x7F, 0x4F, 0x00, 0xA4, 0x8E, 0x00, 0x99, 0x7F,
    0x7F, 0x4F, 0x00, 0x97, 0x8E, 0x00, 0x64, 0x7F, 0x7F, 0x4F, 0x00, 0x77, 0x8D, 0x01, 0xFC, 0x2E,
    0x7F, 0x7F, 0x4F, 0x01, 0x47, 0xE2, 0x8C, 0x00, 0xC4, 0x7F, 0x7F, 0x50, 0x01, 0x06, 0x9A, 0x8C,
    0x00, 0x8A, 0x7F, 0x7F, 0x51, 0x01, 0x43, 0xCF, 0x8B, 0x00, 0x4D, 0x7F, 0x7F, 0x52, 0x01, 0x65,
    0xEA, 0x89, 0x01, 0xE0, 0x0F, 0x7F, 0x7F, 0x53, 0x01, 0x6F, 0xEE, 0x88, 0x00, 0xA1, 0x7F, 0x7F,
    0x55, 0x01, 0x66, 0xE2, 0x87, 0x00, 0x5F, 0x7F, 0x7F, 0x56, 0x01, 0x50, 0xC9, 0x85, 0x01, 0xEE,
    0x1B, 0x7F, 0x7F, 0x57, 0x01, 0x32, 0xAB, 0x84, 0x00, 0xA9, 0x7F, 0x7F, 0x59, 0x01, 0x14, 0x90,
    0x83, 0x00, 0x62, 0x7F, 0x7F, 0x5B, 0x04, 0x80, 0xFF, 0xFF, 0xEE, 0x19, 0x7F, 0x7F, 0x5C, 0x02,
    0x86, 0xFF, 0xA4, 0x7F, 0x7F, 0x5D, 0x02, 0x1D, 0xB3, 0x57, 0x7F, 0x7F, 0x5E, 0x01, 0x75, 0x09,
    0x7F, 0x7F, 0x5E, 0x00, 0x70, 0x7F, 0x7F, 0x7F, 0x7F, 0x7F, 0x7F, 0x7F, 0x7F, 0x7F, 0x7F, 0x7F,
    0x7F, 0x7F, 0x7F, 0x7F, 0x7F, 0x7F, 0x7F, 0x7F, 0x7F, 0x7F, 0x7F, 0x7F, 0x7F, 0x7F, 0x7F, 0x7F,
    0x7F, 0x7F, 0x7F, 0x7F, 0x7F, 0x7F, 0x7F, 0x7F, 0x7F, 0x7F, 0x7F, 0x7F, 0x7F, 0x7F, 0x7F, 0x7F,
    0x7F, 0x7F, 0x7F, 0x7F, 0x7F, 0x7F, 0x7F, 0x7F, 0x7F, 0x7F, 0x7F, 0x7F, 0x7F, 0x7F, 0x7F, 0x7F,
    0x7F, 0x7F, 0x7F, 0x7F, 0x7F, 0x7F, 0x7F, 0x7F, 0x7F, 0x7F, 0x7F, 0x7F, 0x7F, 0x7F, 0x7F, 0x7F,
    0x7F, 0x7F, 0x7F, 0x7F, 0x7F, 0x7F, 0x7F, 0x7F, 0x7F, 0x7F, 0x7F, 0x7F, 0x7F, 0x7F, 0x7F, 0x7F,
    0x7F, 0x7F, 0x7F, 0x7F, 0x7F, 0x7F, 0x7F, 0x7F, 0x7F, 0x7F, 0x7F, 0x7F, 0x7F, 0x7F, 0x7F, 0x7F,
    0x7F, 0x7F, 0x7F, 0x7F, 0x7F, 0x7F, 0x7F, 0x7F, 0x7F, 0x7F, 0x7F, 0x7F, 0x7F, 0x7F, 0x7F, 0x7F,
    0x7F, 0x7F, 0x7F, 0x7F, 0x7F, 0x7F, 0x7F, 0x7F, 0x7F, 0x7F, 0x7F, 0x7F, 0x7F, 0x7F, 0x7F, 0x7F,
    0x7F, 0x7F, 0x7F, 0x7F, 0x7F, 0x7F, 0x7F, 0x7F, 0x7F, 0x7F, 0x7F, 0x7F, 0x7F, 0x7F, 0x7F, 0x7F,
    0x7F, 0x7F, 0x7F, 0x7F, 0x7F, 0x7F, 0x7F, 0x7F, 0x7F, 0x7F, 0x7F, 0x7F, 0x7F, 0x7F, 0x7F, 0x7F,
    0x7F, 0x7F, 0x7F, 0x7F, 0x7F, 0x7F, 0x7F, 0x7F, 0x7F, 0x7F, 0x7F, 0x7F, 0x7F, 0x7F, 0x7F, 0x7F,
    0x7F, 0x7F, 0x7F, 0x7F, 0x7F, 0x7F, 0x7F, 0x7F, 0x7F, 0x7F, 0x7F, 0x7F, 0x7F, 0x7F, 0x7F, 0x7F,
    0x7F, 0x7F, 0x7F, 0x7F, 0x7F, 0x7F, 0x7F, 0x7F, 0x7F, 0x7F, 0x7F, 0x7F, 0x7F, 0x7F, 0x7F, 0x7F,
    0x7F, 0x7F, 0x7F, 0x7F, 0x7F, 0x7F, 0x7F, 0x7F, 0x7F, 0x7F, 0x7F, 0x7F, 0x7F, 0x7F, 0x7F, 0x7F,
    0x7F, 0x7F, 0x7F, 0x7F, 0x7F, 0x7F, 0x7F, 0x7F, 0x7F, 0x7F, 0x7F, 0x7F, 0x7F, 0x7F, 0x7F, 0x7F,
    0x7F, 0x7F, 0x7F, 0x7F, 0x7F, 0x7F, 0x7F, 0x7F, 0x7F, 0x7F, 0x7F, 0x7F, 0x7F, 0x7F, 0x7F, 0x7F,
    0x7F, 0x7F, 0x7F, 0x7F, 0x7F, 0x7F, 0x7F, 0x7F, 0x7F, 0x7F, 0x7F, 0x7F, 0x7F, 0x7F, 0x7F, 0x7F,
    0x7F, 0x7F, 0x7F, 0x7F, 0x7F, 0x7F, 0x7F, 0x7F, 0x7F, 0x7F, 0x7F, 0x7F, 0x7F, 0x7F, 0x7F, 0x7F,
    0x7F, 0x7F, 0x7F, 0x7F, 0x7F, 0x42, 0x00, 0x2E, 0x7F, 0x7F, 0x5E, 0x01, 0x23, 0x64, 0x7F, 0x7F,
    0x5E, 0x01, 0x3D, 0x99, 0x7F, 0x7F, 0x5E, 0x02, 0x72, 0xCB, 0x31, 0x7F, 0x7F, 0x5D, 0x02, 0xBB,
    0xFC, 0x60, 0x7F, 0x7F, 0x5C, 0x03, 0x2A, 0xFF, 0xFF, 0x8D, 0x7F, 0x7F, 0x5C, 0x04, 0x88, 0xFF,
    0xFF, 0xB8, 0x19, 0x7F, 0x7F, 0x5B, 0x04, 0xF2, 0xFF, 0xFF, 0xE0, 0x40, 0x7F, 0x7F, 0x5A, 0x00,
    0x6F, 0x83, 0x00, 0x66, 0x7F, 0x7F, 0x5A, 0x00, 0xE6, 0x83, 0x00, 0x89, 0x7F, 0x7F, 0x59, 0x00,
    0x69, 0x84, 0x01, 0xA9, 0x05, 0x7F, 0x7F, 0x58, 0x00, 0xEB, 0x84, 0x01, 0xC8, 0x23, 0x7F, 0x7F,
    0x57, 0x00, 0x72, 0x85, 0x01, 0xE5, 0x3E, 0x7F, 0x7F, 0x57, 0x00, 0xFC, 0x86, 0x00, 0x57, 0x7F,
    0x7F, 0x56, 0x00, 0x87, 0x87, 0x00, 0x6E, 0x7F, 0x7F, 0x55, 0x00, 0x13, 0x88, 0x00, 0x83, 0x7F,
    0x7F, 0x55, 0x00, 0xA4, 0x88, 0x00, 0x96, 0x7F, 0x7F, 0x54, 0x00, 0x32, 0x89, 0x00, 0xA6, 0x7F,
    0x7F, 0x54, 0x00, 0xC6, 0x89, 0x01, 0xB4, 0x06, 0x7F, 0x7F, 0x52, 0x00, 0x56, 0x8A, 0x01, 0xC0,
    0x11, 0x7F, 0x7F, 0x52, 0x00, 0xEB, 0x8A, 0x01, 0xCA, 0x1A, 0x7F, 0x7F, 0x51, 0x00, 0x7D, 0x8B,
    0x01, 0xD2, 0x21, 0x7F, 0x7F, 0x50, 0x00, 0x0F, 0x8C, 0x01, 0xD7, 0x25, 0x7F, 0x7F, 0x50, 0x00,
    0xA3, 0x8C, 0x01, 0xDB, 0x27, 0x7F, 0x7F, 0x4F, 0x00, 0x35, 0x8D, 0x01, 0xDC, 0x27, 0x7F, 0x7F,
    0x4F, 0x00, 0xC8, 0x8D, 0x01, 0xDB, 0x25, 0x7F, 0x7F, 0x4E, 0x00, 0x59, 0x8E, 0x01, 0xD7, 0x21,
    0x7F, 0x7F, 0x4E, 0x00, 0xE8, 0x8E, 0x01, 0xD2, 0x1A, 0x7F, 0x7F, 0x4D, 0x00, 0x78, 0x8F, 0x01,
    0xCA, 0x11, 0x7F, 0x7F, 0x4C, 0x00, 0x08, 0x90, 0x01, 0xC0, 0x06, 0x7F, 0x7F, 0x4C, 0x00, 0x91,
    0x90, 0x00, 0xB4, 0x7F, 0x7F, 0x4C, 0x00, 0x1F, 0x91, 0x00, 0xA6, 0x7F, 0x7F, 0x4C, 0x00, 0xA2,
    0x91, 0x00, 0x96, 0x7F, 0x7F, 0x4B, 0x00, 0x2D, 0x92, 0x00, 0x83, 0x7F, 0x7F, 0x4B, 0x00, 0xA9,
    0x92, 0x00, 0x6E, 0x7F, 0x7F, 0x4A, 0x00, 0x31, 0x93, 0x00, 0x57, 0x7F, 0x7F, 0x4A, 0x00, 0xA6,
    0x93, 0x00, 0x3E, 0x7F, 0x7F, 0x49, 0x00, 0x2A, 0x93, 0x01, 0xE5, 0x23, 0x7F, 0x7F, 0x49, 0x00,
    0x96, 0x93, 0x01, 0xC8, 0x05, 0x7F, 0x7F, 0x48, 0x01, 0x17, 0xFC, 0x93, 0x00, 0xA9, 0x7F, 0x7F,
    0x49, 0x00, 0x79, 0x94, 0x00, 0x89, 0x7F, 0x7F, 0x49, 0x00, 0xD5, 0x94, 0x00, 0x66, 0x7F, 0x7F,
    0x48, 0x00, 0x4E, 0x95, 0x00, 0x40, 0x7F, 0x7F, 0x48, 0x00, 0x9F, 0x94, 0x01, 0xE0, 0x19, 0x7F,
    0x7F, 0x47, 0x01, 0x13, 0xEA, 0x94, 0x00, 0xB8, 0x7F, 0x7F, 0x48, 0x00, 0x5A, 0x95, 0x00, 0x8D,
    0x7F, 0x7F, 0x48, 0x00, 0x99, 0x95, 0x00, 0x60, 0x7F, 0x7F, 0x47, 0x01, 0x04, 0xD1, 0x94, 0x01,
    0xFC, 0x31, 0x7F, 0x7F, 0x47, 0x00, 0x38, 0x95, 0x00, 0xCB, 0x7F, 0x7F, 0x48, 0x00, 0x64, 0x95,
    0x00, 0x99, 0x7F, 0x7F, 0x48, 0x00, 0x8A, 0x95, 0x00, 0x64, 0x7F, 0x7F, 0x48, 0x00, 0xA7, 0x94,
    0x01, 0xFC, 0x2E, 0x7F, 0x7F, 0x48, 0x00, 0xBD, 0x94, 0x00, 0xC4, 0x7F, 0x7F, 0x48, 0x01, 0x11,
    0xCC, 0x94, 0x00, 0x8A, 0x7F, 0x7F, 0x48, 0x01, 0x1B, 0xD3, 0x94, 0x00, 0x4D, 0x7F, 0x7F, 0x48,
    0x01, 0x1E, 0xD3, 0x93, 0x01, 0xE0, 0x0F, 0x7F, 0x7F, 0x48, 0x01, 0x1A, 0xCC, 0x93, 0x00, 0xA1,
    0x7F, 0x7F, 0x49, 0x01, 0x0F, 0xBE, 0x93, 0x00, 0x5F, 0x7F, 0x7F, 0x4A, 0x00, 0xA9, 0x92, 0x01,
    0xEE, 0x1B, 0x7F, 0x7F, 0x4A, 0x00, 0x8D, 0x92, 0x00, 0xA9, 0x7F, 0x7F, 0x4B, 0x00, 0x6C, 0x92,
    0x00, 0x62, 0x7F, 0x7F, 0x4B, 0x01, 0x44, 0xE8, 0x90, 0x01, 0xEE, 0x19, 0x7F, 0x7F, 0x4B, 0x01,
    0x16, 0xB8, 0x90, 0x00, 0xA4, 0x7F, 0x7F, 0x4D, 0x00, 0x83, 0x90, 0x00, 0x57, 0x7F, 0x7F, 0x4D,
    0x01, 0x48, 0xE6, 0x8E, 0x01, 0xE0, 0x09, 0x7F, 0x7F, 0x4D, 0x01, 0x09, 0xA6, 0x8E, 0x00, 0x90,
    0x7F, 0x7F, 0x4F, 0x01, 0x62, 0xFD, 0x8D, 0x00, 0x3E, 0x7F, 0x7F, 0x4F, 0x01, 0x19, 0xB4, 0x8C,
    0x00, 0xC4, 0x7F, 0x7F, 0x51, 0x00, 0x68, 0x8C, 0x00, 0x6E, 0x7F, 0x7F, 0x51, 0x01, 0x19, 0xB2,
    0x8A, 0x01, 0xF2, 0x17, 0x7F, 0x7F, 0x52, 0x01, 0x61, 0xFB, 0x89, 0x00, 0x99, 0x7F, 0x7F, 0x53,
    0x01, 0x0F, 0xA9, 0x89, 0x00, 0x3E, 0x7F, 0x7F, 0x54, 0x01, 0x56, 0xF0, 0x87, 0x00, 0xBE, 0x7F,
    0x7F, 0x55, 0x01, 0x03, 0x9E, 0x87, 0x00, 0x60, 0x7F, 0x7F, 0x56, 0x01, 0x4E, 0xEB, 0x85, 0x00,
    0xDE, 0x7F, 0x7F, 0x58, 0x00, 0x9D, 0x85, 0x00, 0x7C, 0x7F, 0x7F, 0x58, 0x01, 0x52, 0xF3, 0x83,
    0x01, 0xF8, 0x19, 0x7F, 0x7F, 0x58, 0x01, 0x0B, 0xAE, 0x83, 0x00, 0x93, 0x7F, 0x7F, 0x5A, 0x00,
    0x6E, 0x83, 0x00, 0x2D, 0x7F, 0x7F, 0x5A, 0x04, 0x35, 0xDE, 0xFF, 0xFF, 0xA5, 0x7F, 0x7F, 0x5B,
    0x04, 0x03, 0xB0, 0xFF, 0xFF, 0x3B, 0x7F, 0x7F, 0x5C, 0x02, 0x8A, 0xFF, 0xB1, 0x7F, 0x7F, 0x5D,
    0x02, 0x70, 0xFF, 0x44, 0x7F, 0x7F, 0x5D, 0x01, 0x64, 0xB8, 0x7F, 0x7F, 0x5E, 0x01, 0x69, 0x47,
    0x7F, 0x7F, 0x5E, 0x00, 0x84, 0x7F, 0x7F, 0x5F, 0x00, 0x45, 0x7F, 0x7F, 0x7F, 0x7F, 0x7F, 0x7F,
    0x7F, 0x7F, 0x7F, 0x7F, 0x7F, 0x7F, 0x7F, 0x7F, 0x7F, 0x7F, 0x7F, 0x7F, 0x7F, 0x7F, 0x7F, 0x7F,
    0x7F, 0x7F, 0x7F, 0x7F, 0x7F, 0x7F, 0x7F, 0x7F, 0x7F, 0x7F, 0x7F, 0x7F, 0x7F, 0x7F, 0x7F, 0x7F,
    0x7F, 0x7F, 0x7F, 0x7F, 0x7F, 0x7F, 0x7F, 0x7F, 0x7F, 0x7F, 0x7F, 0x7F, 0x7F, 0x7F, 0x7F, 0x7F,
    0x7F, 0x7F, 0x7F, 0x7F, 0x7F, 0x7F, 0x7F, 0x7F, 0x7F, 0x7F, 0x7F, 0x7F, 0x7F, 0x7F, 0x7F, 0x7F,
    0x7F, 0x7F, 0x7F, 0x7F, 0x7F, 0x7F, 0x7F, 0x7F, 0x7F, 0x7F, 0x7F, 0x7F, 0x7F, 0x7F, 0x7F, 0x7F,
    0x7F, 0x7F, 0x7F, 0x7F, 0x7F, 0x7F, 0x7F, 0x7F, 0x7F, 0x7F, 0x7F, 0x7F, 0x7F, 0x7F, 0x7F, 0x7F,
    0x7F, 0x7F, 0x7F, 0x7F, 0x7F, 0x7F, 0x7F, 0x7F, 0x7F, 0x7F, 0x7F, 0x7F, 0x7F, 0x7F, 0x7F, 0x7F,
    0x7F, 0x7F, 0x7F, 0x7F, 0x7F, 0x7F, 0x7F, 0x7F, 0x7F, 0x7F, 0x7F, 0x7F, 0x7F, 0x7F, 0x7F, 0x7F,
    0x7F, 0x7F, 0x7F, 0x7F, 0x7F, 0x7F, 0x7F, 0x7F, 0x7F, 0x7F, 0x7F, 0x7F, 0x7F, 0x7F, 0x7F, 0x7F,
    0x7F, 0x7F, 0x7F, 0x7F, 0x7F, 0x7F, 0x7F, 0x7F, 0x7F, 0x7F, 0x7F, 0x7F, 0x7F, 0x7F, 0x7F, 0x7F,
    0x7F, 0x7F, 0x7F, 0x7F, 0x7F, 0x7F, 0x7F, 0x7F, 0x7F, 0x7F, 0x7F, 0x7F, 0x7F, 0x7F, 0x7F, 0x7F,
    0x7F, 0x7F, 0x7F, 0x7F, 0x7F, 0x7F, 0x7F, 0x7F, 0x7F, 0x7F, 0x7F, 0x7F, 0x7F, 0x7F, 0x7F, 0x7F,
    0x7F, 0x7F, 0x7F, 0x7F, 0x7F, 0x7F, 0x7F, 0x7F, 0x7F, 0x7F, 0x7F, 0x7F, 0x7F, 0x7F, 0x7F, 0x7F,
    0x7F, 0x7F, 0x7F, 0x7F, 0x61, 0x01, 0x42, 0x3E, 0x7F, 0x7F, 0x5E, 0x02, 0x0C, 0x99, 0x17, 0x7F,
    0x7F, 0x5E, 0x01, 0xA5, 0x6E, 0x7F, 0x7F, 0x5E, 0x02, 0xA6, 0xC4, 0x3E, 0x7F, 0x7F, 0x5D, 0x03,
    0xB4, 0xFF, 0x90, 0x09, 0x7F, 0x7F, 0x5B, 0x04, 0x03, 0xCC, 0xFF, 0xE0, 0x57, 0x7F, 0x7F, 0x5B,
    0x05, 0x1F, 0xEF, 0xFF, 0xFF, 0xA4, 0x19, 0x7F, 0x7F, 0x5A, 0x00, 0x46, 0x82, 0x01, 0xEE, 0x62,
    0x7F, 0x7F, 0x5A, 0x00, 0x74, 0x83, 0x01, 0xA9, 0x1B, 0x7F, 0x7F, 0x59, 0x00, 0xA9, 0x83, 0x01,
    0xEE, 0x5F, 0x7F, 0x7F, 0x58, 0x01, 0x08, 0xE5, 0x84, 0x01, 0xA1, 0x0F, 0x7F, 0x7F, 0x57, 0x00,
    0x47, 0x85, 0x01, 0xE0, 0x4D, 0x7F, 0x7F, 0x57, 0x00, 0x8B, 0x86, 0x00, 0x8A, 0x7F, 0x7F, 0x57,
    0x00, 0xD5, 0x86, 0x01, 0xC4, 0x2E, 0x7F, 0x7F, 0x55, 0x00, 0x3C, 0x87, 0x01, 0xFC, 0x64, 0x7F,
    0x7F, 0x55, 0x00, 0x8C, 0x88, 0x00, 0x99, 0x7F, 0x7F, 0x55, 0x00, 0xE0, 0x88, 0x01, 0xCB, 0x31,
    0x7F, 0x7F, 0x53, 0x00, 0x4D, 0x89, 0x01, 0xFC, 0x60, 0x7F, 0x7F, 0x53, 0x00, 0xA6, 0x8A, 0x00,
    0x8D, 0x7F, 0x7F, 0x52, 0x00, 0x15, 0x8B, 0x01, 0xB8, 0x19, 0x7F, 0x7F, 0x51, 0x00, 0x72, 0x8B,
    0x01, 0xE0, 0x40, 0x7F, 0x7F, 0x51, 0x00, 0xD1, 0x8C, 0x00, 0x66, 0x7F, 0x7F, 0x50, 0x00, 0x44,
    0x8D, 0x00, 0x89, 0x7F, 0x7F, 0x50, 0x00, 0xA6, 0x8D, 0x01, 0xA9, 0x05, 0x7F, 0x7F, 0x4E, 0x00,
    0x1B, 0x8E, 0x01, 0xC8, 0x23, 0x7F, 0x7F, 0x4E, 0x00, 0x80, 0x8E, 0x01, 0xE5, 0x3E, 0x7F, 0x7F,
    0x4E, 0x00, 0xE5, 0x8F, 0x00, 0x57, 0x7F, 0x7F, 0x4D, 0x00, 0x5D, 0x90, 0x00, 0x6E, 0x7F, 0x7F,
    0x4D, 0x00, 0xC4, 0x90, 0x00, 0x83, 0x7F, 0x7F, 0x4C, 0x00, 0x3C, 0x91, 0x00, 0x96, 0x7F, 0x7F,
    0x4C, 0x00, 0xA4, 0x91, 0x00, 0xA6, 0x7F, 0x7F, 0x4B, 0x00, 0x1D, 0x92, 0x01, 0xB4, 0x06, 0x7F,
    0x7F, 0x4A, 0x00, 0x85, 0x92, 0x01, 0xC0, 0x11, 0x7F, 0x7F, 0x4A, 0x00, 0xEC, 0x92, 0x01, 0xCA,
    0x1A, 0x7F, 0x7F, 0x49, 0x00, 0x66, 0x93, 0x01, 0xD2, 0x21, 0x7F, 0x7F, 0x49, 0x00, 0xCD, 0x93,
    0x01, 0xD7, 0x25, 0x7F, 0x7F, 0x48, 0x00, 0x47, 0x94, 0x01, 0xDB, 0x27, 0x7F, 0x7F, 0x48, 0x00,
    0xAC, 0x94, 0x01, 0xDC, 0x27, 0x7F, 0x7F, 0x47, 0x00, 0x26, 0x95, 0x01, 0xDB, 0x25, 0x7F, 0x7F,
    0x47, 0x00, 0x8A, 0x95, 0x01, 0xD7, 0x21, 0x7F, 0x7F, 0x46, 0x01, 0x04, 0xEC, 0x95, 0x01, 0xD2,
    0x1A, 0x7F, 0x7F, 0x46, 0x00, 0x65, 0x96, 0x01, 0xCA, 0x11, 0x7F, 0x7F, 0x46, 0x00, 0xC5, 0x96,
    0x01, 0xC0, 0x06, 0x7F, 0x7F, 0x45, 0x00, 0x3E, 0x97, 0x00, 0xB4, 0x7F, 0x7F, 0x46, 0x00, 0x9B,
    0x97, 0x00, 0xA6, 0x7F, 0x7F, 0x45, 0x01, 0x12, 0xF5, 0x97, 0x00, 0x96, 0x7F, 0x7F, 0x45, 0x00,
    0x6C, 0x98, 0x00, 0x83, 0x7F, 0x7F, 0x45, 0x00, 0xC3, 0x98, 0x00, 0x6E, 0x7F, 0x7F, 0x44, 0x00,
    0x39, 0x99, 0x00, 0x57, 0x7F, 0x7F, 0x44, 0x00, 0x8C, 0x99, 0x00, 0x3E, 0x7F, 0x7F, 0x44, 0x00,
    0xDC, 0x98, 0x01, 0xE5, 0x23, 0x7F, 0x7F, 0x43, 0x00, 0x4F, 0x99, 0x01, 0xC8, 0x05, 0x7F, 0x7F,
    0x43, 0x00, 0x9B, 0x99, 0x00, 0xA9, 0x7F, 0x7F, 0x43, 0x01, 0x0C, 0xE4, 0x99, 0x00, 0x89, 0x7F,
    0x7F, 0x43, 0x00, 0x53, 0x9A, 0x00, 0x66, 0x7F, 0x7F, 0x43, 0x00, 0x97, 0x9A, 0x00, 0x40, 0x7F,
    0x7F, 0x42, 0x01, 0x04, 0xD7, 0x99, 0x01, 0xE0, 0x19, 0x7F, 0x7F, 0x42, 0x00, 0x43, 0x9A, 0x00,
    0xB8, 0x7F, 0x7F, 0x43, 0x00, 0x7E, 0x9A, 0x00, 0x8D, 0x7F, 0x7F, 0x43, 0x00, 0xB6, 0x9A, 0x00,
    0x60, 0x7F, 0x7F, 0x42, 0x01, 0x1D, 0xEA, 0x99, 0x01, 0xFC, 0x31, 0x7F, 0x7F, 0x42, 0x00, 0x50,
    0x9A, 0x00, 0xCB, 0x7F, 0x7F, 0x43, 0x00, 0x7E, 0x9A, 0x00, 0x99, 0x7F, 0x7F, 0x43, 0x00, 0xA9,
    0x9A, 0x00, 0x64, 0x7F, 0x7F, 0x42, 0x01, 0x0A, 0xD0, 0x99, 0x01, 0xFC, 0x2E, 0x7F, 0x7F, 0x42,
    0x01, 0x2F, 0xF3, 0x99, 0x00, 0xC4, 0x7F, 0x7F, 0x43, 0x00, 0x50, 0x9A, 0x00, 0x8A, 0x7F, 0x7F,
    0x43, 0x00, 0x6E, 0x9A, 0x00, 0x4D, 0x7F, 0x7F, 0x43, 0x00, 0x87, 0x99, 0x01, 0xE0, 0x0F, 0x7F,
    0x7F, 0x43, 0x00, 0x9D, 0x99, 0x00, 0xA1, 0x7F, 0x7F, 0x44, 0x00, 0xB0, 0x99, 0x00, 0x5F, 0x7F,
    0x7F, 0x43, 0x01, 0x03, 0xBF, 0x98, 0x01, 0xEE, 0x1B, 0x7F, 0x7F, 0x43, 0x01, 0x10, 0xCA, 0x98,
    0x00, 0xA9, 0x7F, 0x7F, 0x44, 0x01, 0x19, 0xD1, 0x98, 0x00, 0x62, 0x7F, 0x7F, 0x44, 0x01, 0x1E,
    0xD6, 0x97, 0x01, 0xEE, 0x19, 0x7F, 0x7F, 0x44, 0x01, 0x20, 0xD6, 0x97, 0x00, 0xA4, 0x7F, 0x7F,
    0x45, 0x01, 0x1F, 0xD4, 0x97, 0x00, 0x57, 0x7F, 0x7F, 0x45, 0x01, 0x1B, 0xCE, 0x96, 0x01, 0xE0,
    0x09, 0x7F, 0x7F, 0x45, 0x01, 0x13, 0xC6, 0x96, 0x00, 0x90, 0x7F, 0x7F, 0x46, 0x01, 0x08, 0xBA,
    0x96, 0x00, 0x3E, 0x7F, 0x7F, 0x47, 0x00, 0xAC, 0x95, 0x00, 0xC4, 0x7F, 0x7F, 0x48, 0x00, 0x9B,
    0x95, 0x00, 0x6E, 0x7F, 0x7F, 0x48, 0x00, 0x87, 0x94, 0x01, 0xF2, 0x17, 0x7F, 0x7F, 0x48, 0x00,
    0x70, 0x94, 0x00, 0x99, 0x7F, 0x7F, 0x49, 0x00, 0x58, 0x94, 0x00, 0x3E, 0x7F, 0x7F, 0x49, 0x01,
    0x3D, 0xEB, 0x92, 0x00, 0xBE, 0x7F, 0x7F, 0x4A, 0x01, 0x20, 0xCE, 0x92, 0x00, 0x60, 0x7F, 0x7F,
    0x4A, 0x01, 0x02, 0xAF, 0x91, 0x00, 0xDE, 0x7F, 0x7F, 0x4C, 0x00, 0x8E, 0x91, 0x00, 0x7C, 0x7F,
    0x7F, 0x4C, 0x00, 0x6D, 0x90, 0x01, 0xF8, 0x19, 0x7F, 0x7F, 0x4C, 0x01, 0x4A, 0xF6, 0x8F, 0x00,
    0x93, 0x7F, 0x7F, 0x4D, 0x01, 0x25, 0xD2, 0x8F, 0x00, 0x2D, 0x7F, 0x7F, 0x4D, 0x01, 0x01, 0xAE,
    0x8E, 0x00, 0xA5, 0x7F, 0x7F, 0x4F, 0x00, 0x89, 0x8E, 0x00, 0x3B, 0x7F, 0x7F, 0x4F, 0x00, 0x63,
    0x8D, 0x00, 0xB1, 0x7F, 0x7F, 0x50, 0x01, 0x3E, 0xEC, 0x8C, 0x00, 0x44, 0x7F, 0x7F, 0x50, 0x01,
    0x18, 0xC7, 0x8B, 0x00, 0xB8, 0x7F, 0x7F, 0x52, 0x00, 0xA3, 0x8B, 0x00, 0x47, 0x7F, 0x7F, 0x52,
    0x00, 0x7F, 0x8A, 0x00, 0xB9, 0x7F, 0x7F, 0x53, 0x00, 0x5D, 0x8A, 0x00, 0x45, 0x7F, 0x7F, 0x53,
    0x01, 0x3C, 0xEE, 0x88, 0x00, 0xB4, 0x7F, 0x7F, 0x54, 0x01, 0x1C, 0xD0, 0x88, 0x00, 0x3D, 0x7F,
    0x7F, 0x55, 0x00, 0xB3, 0x87, 0x00, 0xAA, 0x7F, 0x7F, 0x56, 0x00, 0x98, 0x87, 0x00, 0x30, 0x7F,
    0x7F, 0x56, 0x00, 0x80, 0x86, 0x00, 0x9B, 0x7F, 0x7F, 0x57, 0x00, 0x6B, 0x86, 0x00, 0x1D, 0x7F,
    0x7F, 0x57, 0x00, 0x59, 0x85, 0x00, 0x86, 0x7F, 0x7F, 0x58, 0x00, 0x4B, 0x84, 0x01, 0xEE, 0x05,
    0x7F, 0x7F, 0x58, 0x00, 0x41, 0x84, 0x00, 0x6C, 0x7F, 0x7F, 0x59, 0x01, 0x3B, 0xFB, 0x82, 0x00,
    0xD2, 0x7F, 0x7F, 0x5A, 0x01, 0x39, 0xFC, 0x82, 0x00, 0x4C, 0x7F, 0x7F, 0x5A, 0x00, 0x3D, 0x82,
    0x00, 0xB0, 0x7F, 0x7F, 0x5B, 0x00, 0x47, 0x82, 0x00, 0x27, 0x7F, 0x7F, 0x5B, 0x03, 0x58, 0xFF,
    0xFF, 0x89, 0x7F, 0x7F, 0x5C, 0x02, 0x6F, 0xFF, 0xE9, 0x7F, 0x7F, 0x5D, 0x02, 0x8E, 0xFF, 0x5C,
    0x7F, 0x7F, 0x5D, 0x01, 0xB6, 0xBA, 0x7F, 0x7F, 0x5D, 0x02, 0x14, 0xE8, 0x29, 0x7F, 0x7F, 0x5D,
    0x01, 0x4E, 0x85, 0x7F, 0x7F, 0x5E, 0x00, 0x94, 0x7F, 0x7F, 0x5E, 0x01, 0x0A, 0x4B, 0x7F, 0x7F,
    0x5E, 0x00, 0x6E, 0x7F, 0x7F, 0x7F, 0x7F, 0x7F, 0x7F, 0x7F, 0x7F, 0x7F, 0x7F, 0x7F, 0x7F, 0x7F,
    0x7F, 0x7F, 0x7F, 0x7F, 0x7F, 0x7F, 0x7F, 0x7F, 0x7F, 0x7F, 0x7F, 0x7F, 0x7F, 0x7F, 0x7F, 0x7F,
    0x7F, 0x7F, 0x7F, 0x7F, 0x7F, 0x7F, 0x7F, 0x7F, 0x7F, 0x7F, 0x7F, 0x7F, 0x7F, 0x7F, 0x7F, 0x7F,
    0x7F, 0x7F, 0x7F, 0x7F, 0x7F, 0x7F, 0x7F, 0x7F, 0x7F, 0x7F, 0x7F, 0x7F, 0x7F, 0x7F, 0x7F, 0x7F,
    0x7F, 0x7F, 0x7F, 0x7F, 0x7F, 0x7F, 0x7F, 0x7F, 0x7F, 0x7F, 0x7F, 0x7F, 0x7F, 0x7F, 0x7F, 0x7F,
    0x7F, 0x7F, 0x7F, 0x7F, 0x7F, 0x7F, 0x7F, 0x7F, 0x7F, 0x7F, 0x7F, 0x7F, 0x7F, 0x7F, 0x7F, 0x7F,
    0x7F, 0x7F, 0x7F, 0x7F, 0x7F, 0x7F, 0x7F, 0x7F, 0x7F, 0x7F, 0x7F, 0x7F, 0x7F, 0x7F, 0x7F, 0x7F,
    0x7F, 0x7F, 0x7F, 0x7F, 0x7F, 0x7F, 0x7F, 0x7F, 0x7F, 0x7F, 0x7F, 0x7F, 0x7F, 0x7F, 0x7F, 0x7F,
    0x7F, 0x7F, 0x7F, 0x7F, 0x7F, 0x7F, 0x7F, 0x7F, 0x7F, 0x7F, 0x7F, 0x7F, 0x7F, 0x7F, 0x7F, 0x67,
    0x01, 0x6C, 0x3D, 0x7F, 0x7F, 0x5E, 0x02, 0x22, 0xB4, 0x45, 0x7F, 0x7F, 0x5E, 0x02, 0x88, 0xB9,
    0x47, 0x7F, 0x7F, 0x5D, 0x03, 0x62, 0xFF, 0xB8, 0x44, 0x7F, 0x7F, 0x5C, 0x04, 0x45, 0xF5, 0xFF,
    0xB1, 0x3B, 0x7F, 0x7F, 0x5B, 0x05, 0x32, 0xE7, 0xFF, 0xFF, 0xA5, 0x2D, 0x7F, 0x7F, 0x5A, 0x01,
    0x27, 0xE0, 0x82, 0x01, 0x93, 0x19, 0x7F, 0x7F, 0x59, 0x01, 0x23, 0xE0, 0x82, 0x01, 0xF8, 0x7C,
    0x7F, 0x7F, 0x59, 0x01, 0x25, 0xE6, 0x83, 0x01, 0xDE, 0x60, 0x7F, 0x7F, 0x58, 0x01, 0x2E, 0xF2,
    0x84, 0x01, 0xBE, 0x3E, 0x7F, 0x7F, 0x57, 0x00, 0x3C, 0x86, 0x01, 0x99, 0x17, 0x7F, 0x7F, 0x56,
    0x00, 0x50, 0x86, 0x01, 0xF2, 0x6E, 0x7F, 0x7F, 0x56, 0x00, 0x69, 0x87, 0x01, 0xC4, 0x3E, 0x7F,
    0x7F, 0x55, 0x00, 0x86, 0x88, 0x01, 0x90, 0x09, 0x7F, 0x7F, 0x54, 0x00, 0xA8, 0x88, 0x01, 0xE0,
    0x57, 0x7F, 0x7F, 0x54, 0x00, 0xCD, 0x89, 0x01, 0xA4, 0x19, 0x7F, 0x7F, 0x52, 0x01, 0x22, 0xF6,
    0x89, 0x01, 0xEE, 0x62, 0x7F, 0x7F, 0x52, 0x00, 0x4D, 0x8B, 0x01, 0xA9, 0x1B, 0x7F, 0x7F, 0x51,
    0x00, 0x7B, 0x8B, 0x01, 0xEE, 0x5F, 0x7F, 0x7F, 0x51, 0x00, 0xAD, 0x8C, 0x01, 0xA1, 0x0F, 0x7F,
    0x7F, 0x4F, 0x01, 0x08, 0xE1, 0x8C, 0x01, 0xE0, 0x4D, 0x7F, 0x7F, 0x4F, 0x00, 0x3E, 0x8E, 0x00,
    0x8A, 0x7F, 0x7F, 0x4F, 0x00, 0x76, 0x8E, 0x01, 0xC4, 0x2E, 0x7F, 0x7F, 0x4E, 0x00, 0xB1, 0x8E,
    0x01, 0xFC, 0x64, 0x7F, 0x7F, 0x4D, 0x01, 0x11, 0xEE, 0x8F, 0x00, 0x99, 0x7F, 0x7F, 0x4D, 0x00,
    0x4F, 0x90, 0x01, 0xCB, 0x31, 0x7F, 0x7F, 0x4C, 0x00, 0x8F, 0x90, 0x01, 0xFC, 0x60, 0x7F, 0x7F,
    0x4C, 0x00, 0xD1, 0x91, 0x00, 0x8D, 0x7F, 0x7F, 0x4B, 0x00, 0x35, 0x92, 0x01, 0xB8, 0x19, 0x7F,
    0x7F, 0x4A, 0x00, 0x79, 0x92, 0x01, 0xE0, 0x40, 0x7F, 0x7F, 0x4A, 0x00, 0xBF, 0x93, 0x00, 0x66,
    0x7F, 0x7F, 0x49, 0x00, 0x25, 0x94, 0x00, 0x89, 0x7F, 0x7F, 0x49, 0x00, 0x6D, 0x94, 0x01, 0xA9,
    0x05, 0x7F, 0x7F, 0x48, 0x00, 0xB6, 0x94, 0x01, 0xC8, 0x23, 0x7F, 0x7F, 0x47, 0x00, 0x1E, 0x95,
    0x01, 0xE5, 0x3E, 0x7F, 0x7F, 0x47, 0x00, 0x68, 0x96, 0x00, 0x57, 0x7F, 0x7F, 0x47, 0x00, 0xB3,
    0x96, 0x00, 0x6E, 0x7F, 0x7F, 0x46, 0x01, 0x1D, 0xFE, 0x96, 0x00, 0x83, 0x7F, 0x7F, 0x46, 0x00,
    0x68, 0x97, 0x00, 0x96, 0x7F, 0x7F, 0x46, 0x00, 0xB4, 0x97, 0x00, 0xA6, 0x7F, 0x7F, 0x45, 0x00,
    0x1F, 0x98, 0x01, 0xB4, 0x06, 0x7F, 0x7F, 0x44, 0x00, 0x6B, 0x98, 0x01, 0xC0, 0x11, 0x7F, 0x7F,
    0x44, 0x00, 0xB7, 0x98, 0x01, 0xCA, 0x1A, 0x7F, 0x7F, 0x43, 0x00, 0x23, 0x99, 0x01, 0xD2, 0x21,
    0x7F, 0x7F, 0x43, 0x00, 0x6F, 0x99, 0x01, 0xD7, 0x25, 0x7F, 0x7F, 0x43, 0x00, 0xBB, 0x99, 0x01,
    0xDB, 0x27, 0x7F, 0x7F, 0x42, 0x00, 0x27, 0x9A, 0x01, 0xDC, 0x27, 0x7F, 0x7F, 0x42, 0x00, 0x72,
    0x9A, 0x01, 0xDB, 0x25, 0x7F, 0x7F, 0x42, 0x00, 0xBC, 0x9A, 0x01, 0xD7, 0x21, 0x7F, 0x7F, 0x02,
    0x00, 0x00, 0x29, 0x9B, 0x01, 0xD2, 0x1A, 0x7F, 0x7F, 0x02, 0x00, 0x00, 0x72, 0x9B, 0x01, 0xCA,
    0x11, 0x7F, 0x7F, 0x02, 0x00, 0x00, 0xBA, 0x9B, 0x01, 0xC0, 0x06, 0x7F, 0x7F, 0x01, 0x00, 0x27,
    0x9C, 0x00, 0xB4, 0x7F, 0x7F, 0x02, 0x00, 0x00, 0x6E, 0x9C, 0x00, 0xA6, 0x7F, 0x7F, 0x02, 0x00,
    0x00, 0xB3, 0x9C, 0x00, 0x96, 0x7F, 0x7F, 0x02, 0x00, 0x1F, 0xF7, 0x9C, 0x00, 0x83, 0x7F, 0x7F,
    0x01, 0x00, 0x63, 0x9D, 0x00, 0x6E, 0x7F, 0x7F, 0x01, 0x00, 0xA5, 0x9D, 0x00, 0x57, 0x7F, 0x7F,
    0x01, 0x10, 0xE5, 0x9D, 0x00, 0x3E, 0x7F, 0x7F, 0x00, 0x50, 0x9D, 0x01, 0xE5, 0x23, 0x7F, 0x7F,
    0x00, 0x8E, 0x9D, 0x01, 0xC8, 0x05, 0x7F, 0x7F, 0x00, 0xCB, 0x9D, 0x00, 0xA9, 0x7F, 0x7F, 0x00,
    0x34, 0x9E, 0x00, 0x89, 0x7F, 0x7F, 0x00, 0x6E, 0x9E, 0x00, 0x66, 0x7F, 0x7F, 0x00, 0xA6, 0x9E,
    0x00, 0x40, 0x7F, 0x7E, 0x01, 0x0E, 0xDC, 0x9D, 0x01, 0xE0, 0x19, 0x7F, 0x7E, 0x00, 0x43, 0x9E,
    0x00, 0xB8, 0x7F, 0x7F, 0x00, 0x76, 0x9E, 0x00, 0x8D, 0x7F, 0x7F, 0x00, 0xA8, 0x9E, 0x00, 0x60,
    0x7F, 0x7E, 0x01, 0x0C, 0xD7, 0x9D, 0x01, 0xFC, 0x31, 0x7F, 0x7E, 0x00, 0x3A, 0x9E, 0x00, 0xCB,
    0x7F, 0x7F, 0x00, 0x66, 0x9E, 0x00, 0x99, 0x7F, 0x7F, 0x00, 0x90, 0x9E, 0x00, 0x64, 0x7F, 0x7F,
    0x00, 0xB8, 0x9D, 0x01, 0xFC, 0x2E, 0x7F, 0x7E, 0x01, 0x18, 0xDE, 0x9D, 0x00, 0xC4, 0x7F, 0x7F,
    0x00, 0x3C, 0x9E, 0x00, 0x8A, 0x7F, 0x7F, 0x00, 0x5E, 0x9E, 0x00, 0x4D, 0x7F, 0x7F, 0x00, 0x7F,
    0x9D, 0x01, 0xE0, 0x0F, 0x7F, 0x7F, 0x00, 0x9C, 0x9D, 0x00, 0xA1, 0x7F, 0x7F, 0x01, 0x00, 0xB8,
    0x9D, 0x00, 0x5F, 0x7F, 0x7F, 0x01, 0x11, 0xD2, 0x9C, 0x01, 0xEE, 0x1B, 0x7F, 0x7F, 0x01, 0x2A,
    0xE9, 0x9C, 0x00, 0xA9, 0x7F, 0x7F, 0x01, 0x00, 0x40, 0x9D, 0x00, 0x62, 0x7F, 0x7F, 0x01, 0x00,
    0x54, 0x9C, 0x01, 0xEE, 0x19, 0x7F, 0x7F, 0x01, 0x00, 0x66, 0x9C, 0x00, 0xA4, 0x7F, 0x7F, 0x02,
    0x00, 0x00, 0x77, 0x9C, 0x00, 0x57, 0x7F, 0x7F, 0x02, 0x00, 0x00, 0x85, 0x9B, 0x01, 0xE0, 0x09,
    0x7F, 0x7F, 0x02, 0x00, 0x00, 0x91, 0x9B, 0x00, 0x90, 0x7F, 0x7F, 0x42, 0x00, 0x9B, 0x9B, 0x00,
    0x3E, 0x7F, 0x7F, 0x42, 0x00, 0xA4, 0x9A, 0x00, 0xC4, 0x7F, 0x7F, 0x43, 0x00, 0xAB, 0x9A, 0x00,
    0x6E, 0x7F, 0x7F, 0x43, 0x00, 0xB0, 0x99, 0x01, 0xF2, 0x17, 0x7F, 0x7F, 0x43, 0x00, 0xB4, 0x99,
    0x00, 0x99, 0x7F, 0x7F, 0x44, 0x00, 0xB5, 0x99, 0x00, 0x3E, 0x7F, 0x7F, 0x44, 0x00, 0xB6, 0x98,
    0x00, 0xBE, 0x7F, 0x7F, 0x45, 0x00, 0xB5, 0x98, 0x00, 0x60, 0x7F, 0x7F, 0x45, 0x00, 0xB3, 0x97,
    0x00, 0xDE, 0x7F, 0x7F, 0x46, 0x00, 0xB0, 0x97, 0x00, 0x7C, 0x7F, 0x7F, 0x46, 0x00, 0xAB, 0x96,
    0x01, 0xF8, 0x19, 0x7F, 0x7F, 0x46, 0x00, 0xA5, 0x96, 0x00, 0x93, 0x7F, 0x7F, 0x47, 0x00, 0x9F,
    0x96, 0x00, 0x2D, 0x7F, 0x7F, 0x47, 0x00, 0x98, 0x95, 0x00, 0xA5, 0x7F, 0x7F, 0x48, 0x00, 0x8F,
    0x95, 0x00, 0x3B, 0x7F, 0x7F, 0x48, 0x00, 0x87, 0x94, 0x00, 0xB1, 0x7F, 0x7F, 0x49, 0x00, 0x7D,
    0x94, 0x00, 0x44, 0x7F, 0x7F, 0x49, 0x00, 0x74, 0x93, 0x00, 0xB8, 0x7F, 0x7F, 0x4A, 0x00, 0x6A,
    0x93, 0x00, 0x47, 0x7F, 0x7F, 0x4A, 0x00, 0x5F, 0x92, 0x00, 0xB9, 0x7F, 0x7F, 0x4B, 0x00, 0x55,
    0x92, 0x00, 0x45, 0x7F, 0x7F, 0x4B, 0x00, 0x4B, 0x91, 0x00, 0xB4, 0x7F, 0x7F, 0x4C, 0x01, 0x41,
    0xFA, 0x90, 0x00, 0x3D, 0x7F, 0x7F, 0x4C, 0x01, 0x37, 0xF1, 0x8F, 0x00, 0xAA, 0x7F, 0x7F, 0x4D,
    0x01, 0x2E, 0xE8, 0x8F, 0x00, 0x30, 0x7F, 0x7F, 0x4D, 0x01, 0x25, 0xE0, 0x8E, 0x00, 0x9B, 0x7F,
    0x7F, 0x4E, 0x01, 0x1D, 0xD9, 0x8E, 0x00, 0x1D, 0x7F, 0x7F, 0x4E, 0x01, 0x15, 0xD2, 0x8D, 0x00,
    0x86, 0x7F, 0x7F, 0x4F, 0x01, 0x0F, 0xCC, 0x8C, 0x01, 0xEE, 0x05, 0x7F, 0x7F, 0x4F, 0x01, 0x09,
    0xC8, 0x8C, 0x00, 0x6C, 0x7F, 0x7F, 0x50, 0x01, 0x05, 0xC5, 0x8B, 0x00, 0xD2, 0x7F, 0x7F, 0x51,
    0x01, 0x03, 0xC3, 0x8B, 0x00, 0x4C, 0x7F, 0x7F, 0x51, 0x01, 0x01, 0xC2, 0x8A, 0x00, 0xB0, 0x7F,
    0x7F, 0x52, 0x01, 0x02, 0xC4, 0x8A, 0x00, 0x27, 0x7F, 0x7F, 0x52, 0x01, 0x04, 0xC7, 0x89, 0x00,
    0x89, 0x7F, 0x7F, 0x53, 0x01, 0x09, 0xCD, 0x88, 0x00, 0xE9, 0x7F, 0x7F, 0x54, 0x01, 0x0F, 0xD4,
    0x88, 0x00, 0x5C, 0x7F, 0x7F, 0x54, 0x01, 0x18, 0xDE, 0x87, 0x00, 0xBA, 0x7F, 0x7F, 0x55, 0x01,
    0x23, 0xEB, 0x87, 0x00, 0x29, 0x7F, 0x7F, 0x55, 0x01, 0x31, 0xFA, 0x86, 0x00, 0x85, 0x7F, 0x7F,
    0x56, 0x00, 0x42, 0x86, 0x00, 0xE0, 0x7F, 0x7F, 0x57, 0x00, 0x55, 0x86, 0x00, 0x4B, 0x7F, 0x7F,
    0x57, 0x00, 0x6C, 0x85, 0x00, 0xA4, 0x7F, 0x7F, 0x58, 0x00, 0x87, 0x84, 0x01, 0xFC, 0x0C, 0x7F,
    0x7F, 0x58, 0x00, 0xA5, 0x84, 0x00, 0x62, 0x7F, 0x7F, 0x59, 0x00, 0xC6, 0x83, 0x00, 0xB8, 0x7F,
    0x7F, 0x59, 0x01, 0x1A, 0xEC, 0x83, 0x00, 0x1B, 0x7F, 0x7F, 0x59, 0x00, 0x43, 0x83, 0x00, 0x6E,
    0x7F, 0x7F, 0x5A, 0x00, 0x70, 0x82, 0x00, 0xC0, 0x7F, 0x7F, 0x5B, 0x00, 0xA1, 0x82, 0x00, 0x20,
    0x7F, 0x7F, 0x5B, 0x03, 0xD8, 0xFF, 0xFF, 0x6F, 0x7F, 0x7F, 0x5B, 0x03, 0x3B, 0xFF, 0xFF, 0xBE,
    0x7F, 0x7F, 0x5C, 0x03, 0x7B, 0xFF, 0xFF, 0x19, 0x7F, 0x7F, 0x5C, 0x02, 0xC1, 0xFF, 0x66, 0x7F,
    0x7F, 0x5C, 0x02, 0x2F, 0xFF, 0xB1, 0x7F, 0x7F, 0x5D, 0x02, 0x81, 0xFC, 0x08, 0x7F, 0x7F, 0x5D,
    0x01, 0xDA, 0x51, 0x7F, 0x7F, 0x5D, 0x01, 0x57, 0x99, 0x7F, 0x7F, 0x5E, 0x00, 0xBF, 0x7F, 0x7F,
    0x5E, 0x01, 0x49, 0x31, 0x7F, 0x7F, 0x5E, 0x00, 0x76, 0x7F, 0x7F, 0x5E, 0x00, 0x5F, 0x7F, 0x7F,
    0x5E, 0x01, 0x06, 0x06, 0x7F, 0x7F, 0x7F, 0x7F, 0x7F, 0x7F, 0x7F, 0x7F, 0x7F, 0x7F, 0x7F, 0x7F,
    0x7F, 0x7F, 0x7F, 0x7F, 0x7F, 0x7F, 0x7F, 0x7F, 0x7F, 0x7F, 0x7F, 0x7F, 0x7F, 0x7F, 0x7F, 0x7F,
    0x7F, 0x7F, 0x7F, 0x7F, 0x7F, 0x7F, 0x7F, 0x7F, 0x7F, 0x7F, 0x7F, 0x7F, 0x7F, 0x7F, 0x7F, 0x7F,
    0x7F, 0x7F, 0x7F, 0x7F, 0x7F, 0x7F, 0x7F, 0x7F, 0x7F, 0x7F, 0x7F, 0x7F, 0x7F, 0x7F, 0x7F, 0x7F,
    0x7F, 0x7F, 0x7F, 0x7F, 0x7F, 0x7F, 0x7F, 0x7F, 0x7F, 0x7F, 0x4D, 0x01, 0x68, 0x4B, 0x7F, 0x7F,
    0x5F, 0x02, 0x71, 0x85, 0x29, 0x7F, 0x7F, 0x5D, 0x03, 0x14, 0x9C, 0xBA, 0x5C, 0x7F, 0x7F, 0x5D,
    0x04, 0x50, 0xE2, 0xE9, 0x89, 0x27, 0x7F, 0x7F, 0x5B, 0x05, 0x0B, 0xA3, 0xFF, 0xFF, 0xB0, 0x4C,
    0x7F, 0x7F, 0x5B, 0x00, 0x6B, 0x82, 0x02, 0xD2, 0x6C, 0x05, 0x7F, 0x7F, 0x59, 0x01, 0x39, 0xDC,
    0x82, 0x02, 0xEE, 0x86, 0x1D, 0x7F, 0x7F, 0x58, 0x01, 0x0D, 0xB4, 0x84, 0x01, 0x9B, 0x30, 0x7F,
    0x7F, 0x58, 0x00, 0x92, 0x85, 0x01, 0xAA, 0x3D, 0x7F, 0x7F, 0x57, 0x00, 0x74, 0x86, 0x01, 0xB4,
    0x45, 0x7F, 0x7F, 0x56, 0x00, 0x5C, 0x87, 0x01, 0xB9, 0x47, 0x7F, 0x7F, 0x55, 0x01, 0x49, 0xFE,
    0x87, 0x01, 0xB8, 0x44, 0x7F, 0x7F, 0x54, 0x01, 0x3A, 0xF1, 0x88, 0x01, 0xB1, 0x3B, 0x7F, 0x7F,
    0x53, 0x01, 0x2F, 0xE9, 0x89, 0x01, 0xA5, 0x2D, 0x7F, 0x7F, 0x52, 0x01, 0x28, 0xE4, 0x8A, 0x01,
    0x93, 0x19, 0x7F, 0x7F, 0x51, 0x01, 0x25, 0xE4, 0x8A, 0x01, 0xF8, 0x7C, 0x7F, 0x7F, 0x51, 0x01,
    0x26, 0xE7, 0x8B, 0x01, 0xDE, 0x60, 0x7F, 0x7F, 0x50, 0x01, 0x2B, 0xED, 0x8C, 0x01, 0xBE, 0x3E,
    0x7F, 0x7F, 0x4F, 0x01, 0x33, 0xF7, 0x8D, 0x01, 0x99, 0x17, 0x7F, 0x7F, 0x4E, 0x00, 0x3E, 0x8E,
    0x01, 0xF2, 0x6E, 0x7F, 0x7F, 0x4E, 0x00, 0x4C, 0x8F, 0x01, 0xC4, 0x3E, 0x7F, 0x7F, 0x4D, 0x00,
    0x5D, 0x90, 0x01, 0x90, 0x09, 0x7F, 0x7F, 0x4C, 0x00, 0x71, 0x90, 0x01, 0xE0, 0x57, 0x7F, 0x7F,
    0x4C, 0x00, 0x88, 0x91, 0x01, 0xA4, 0x19, 0x7F, 0x7F, 0x4B, 0x00, 0xA1, 0x91, 0x01, 0xEE, 0x62,
    0x7F, 0x7F, 0x4B, 0x00, 0xBC, 0x92, 0x01, 0xA9, 0x1B, 0x7F, 0x7F, 0x49, 0x01, 0x0C, 0xDA, 0x92,
    0x01, 0xEE, 0x5F, 0x7F, 0x7F, 0x49, 0x01, 0x2B, 0xFA, 0x93, 0x01, 0xA1, 0x0F, 0x7F, 0x7F, 0x48,
    0x00, 0x4C, 0x94, 0x01, 0xE0, 0x4D, 0x7F, 0x7F, 0x48, 0x00, 0x6F, 0x95, 0x00, 0x8A, 0x7F, 0x7F,
    0x48, 0x00, 0x95, 0x95, 0x01, 0xC4, 0x2E, 0x7F, 0x7F, 0x47, 0x00, 0xBC, 0x95, 0x01, 0xFC, 0x64,
    0x7F, 0x7F, 0x46, 0x01, 0x11, 0xE4, 0x96, 0x00, 0x99, 0x7F, 0x7F, 0x46, 0x00, 0x3B, 0x97, 0x01,
    0xCB, 0x31, 0x7F, 0x7F, 0x45, 0x00, 0x66, 0x97, 0x01, 0xFC, 0x60, 0x7F, 0x7F, 0x45, 0x00, 0x93,
    0x98, 0x00, 0x8D, 0x7F, 0x7F, 0x45, 0x00, 0xC0, 0x98, 0x01, 0xB8, 0x19, 0x7F, 0x7F, 0x43, 0x01,
    0x1B, 0xEF, 0x98, 0x01, 0xE0, 0x40, 0x7F, 0x7F, 0x43, 0x00, 0x4A, 0x9A, 0x00, 0x66, 0x7F, 0x7F,
    0x43, 0x00, 0x7B, 0x9A, 0x00, 0x89, 0x7F, 0x7F, 0x43, 0x00, 0xAD, 0x9A, 0x01, 0xA9, 0x05, 0x7F,
    0x7F, 0x03, 0x00, 0x00, 0x0A, 0xE0, 0x9A, 0x01, 0xC8, 0x23, 0x7F, 0x7F, 0x02, 0x00, 0x00, 0x3E,
    0x9B, 0x01, 0xE5, 0x3E, 0x7F, 0x7F, 0x02, 0x00, 0x00, 0x72, 0x9C, 0x00, 0x57, 0x7F, 0x7F, 0x02,
    0x00, 0x00, 0xA7, 0x9C, 0x00, 0x6E, 0x7F, 0x7F, 0x02, 0x00, 0x06, 0xDC, 0x9C, 0x00, 0x83, 0x7F,
    0x7F, 0x01, 0x00, 0x3C, 0x9D, 0x00, 0x96, 0x7F, 0x7F, 0x01, 0x00, 0x73, 0x9D, 0x00, 0xA6, 0x7F,
    0x7F, 0x01, 0x00, 0xA9, 0x9D, 0x01, 0xB4, 0x06, 0x7F, 0x7E, 0x01, 0x0B, 0xE0, 0x9D, 0x01, 0xC0,
    0x11, 0x7F, 0x7E, 0x00, 0x42, 0x9E, 0x01, 0xCA, 0x1A, 0x7F, 0x7E, 0x00, 0x7A, 0x9E, 0x01, 0xD2,
    0x21, 0x7F, 0x7E, 0x00, 0xB1, 0x9E, 0x01, 0xD7, 0x25, 0x7F, 0x7D, 0x01, 0x14, 0xE9, 0x9E, 0x01,
    0xDB, 0x27, 0x7F, 0x7D, 0x00, 0x4C, 0x9F, 0x01, 0xDC, 0x27, 0x7F, 0x7D, 0x00, 0x84, 0x9F, 0x01,
    0xDB, 0x25, 0x7F, 0x7D, 0x00, 0xBB, 0x9F, 0x01, 0xD7, 0x21, 0x7F, 0x7C, 0x01, 0x1F, 0xF2, 0x9F,
    0x01, 0xD2, 0x1A, 0x7F, 0x7C, 0x00, 0x56, 0xA0, 0x01, 0xCA, 0x11, 0x7F, 0x7C, 0x00, 0x8D, 0xA0,
    0x01, 0xC0, 0x06, 0x7F, 0x7C, 0x00, 0xC4, 0xA0, 0x00, 0xB4, 0x7F, 0x7C, 0x01, 0x28, 0xFA, 0xA0,
    0x00, 0xA6, 0x7F, 0x7C, 0x00, 0x5E, 0xA1, 0x00, 0x96, 0x7F, 0x7C, 0x00, 0x93, 0xA1, 0x00, 0x83,
    0x7F, 0x7C, 0x00, 0xC8, 0xA1, 0x00, 0x6E, 0x7F, 0x7B, 0x01, 0x2C, 0xFC, 0xA1, 0x00, 0x57, 0x7F,
    0x7B, 0x00, 0x60, 0xA2, 0x00, 0x3E, 0x7F, 0x7B, 0x00, 0x93, 0xA1, 0x01, 0xE5, 0x23, 0x7F, 0x7B,
    0x00, 0xC5, 0xA1, 0x01, 0xC8, 0x05, 0x7F, 0x7A, 0x01, 0x29, 0xF6, 0xA1, 0x00, 0xA9, 0x7F, 0x7B,
    0x00, 0x5A, 0xA2, 0x00, 0x89, 0x7F, 0x7B, 0x00, 0x8A, 0xA2, 0x00, 0x66, 0x7F, 0x7B, 0x00, 0xB9,
    0xA2, 0x00, 0x40, 0x7F, 0x7A, 0x01, 0x1C, 0xE7, 0xA1, 0x01, 0xE0, 0x19, 0x7F, 0x7A, 0x00, 0x4A,
    0xA2, 0x00, 0xB8, 0x7F, 0x7B, 0x00, 0x76, 0xA2, 0x00, 0x8D, 0x7F, 0x7B, 0x00, 0xA2, 0xA2, 0x00,
    0x60, 0x7F, 0x7A, 0x01, 0x03, 0xCC, 0xA1, 0x01, 0xFC, 0x31, 0x7F, 0x7A, 0x01, 0x2D, 0xF5, 0xA1,
    0x00, 0xCB, 0x7F, 0x7B, 0x00, 0x56, 0xA2, 0x00, 0x99, 0x7F, 0x7B, 0x00, 0x7D, 0xA2, 0x00, 0x64,
    0x7F, 0x7B, 0x00, 0xA4, 0xA1, 0x01, 0xFC, 0x2E, 0x7F, 0x7A, 0x01, 0x03, 0xC9, 0xA1, 0x00, 0xC4,
    0x7F, 0x7B, 0x01, 0x27, 0xED, 0xA1, 0x00, 0x8A, 0x7F, 0x7B, 0x00, 0x4A, 0xA2, 0x00, 0x4D, 0x7F,
    0x7B, 0x00, 0x6D, 0xA1, 0x01, 0xE0, 0x0F, 0x7F, 0x7B, 0x00, 0x8D, 0xA1, 0x00, 0xA1, 0x7F, 0x7C,
    0x00, 0xAD, 0xA1, 0x00, 0x5F, 0x7F, 0x7B, 0x01, 0x09, 0xCB, 0xA0, 0x01, 0xEE, 0x1B, 0x7F, 0x7B,
    0x01, 0x26, 0xE9, 0xA0, 0x00, 0xA9, 0x7F, 0x7C, 0x00, 0x43, 0xA1, 0x00, 0x62, 0x7F, 0x7C, 0x00,
    0x5E, 0xA0, 0x01, 0xEE, 0x19, 0x7F, 0x7C, 0x00, 0x78, 0xA0, 0x00, 0xA4, 0x7F, 0x7D, 0x00, 0x91,
    0xA0, 0x00, 0x57, 0x7F, 0x7D, 0x00, 0xA9, 0x9F, 0x01, 0xE0, 0x09, 0x7F, 0x7D, 0x00, 0xC0, 0x9F,
    0x00, 0x90, 0x7F, 0x7D, 0x01, 0x16, 0xD5, 0x9F, 0x00, 0x3E, 0x7F, 0x7D, 0x01, 0x2B, 0xEA, 0x9E,
    0x00, 0xC4, 0x7F, 0x7E, 0x01, 0x3F, 0xFE, 0x9E, 0x00, 0x6E, 0x7F, 0x7E, 0x00, 0x52, 0x9E, 0x01,
    0xF2, 0x17, 0x7F, 0x7E, 0x00, 0x64, 0x9E, 0x00, 0x99, 0x7F, 0x7F, 0x00, 0x75, 0x9E, 0x00, 0x3E,
    0x7F, 0x7F, 0x00, 0x85, 0x9D, 0x00, 0xBE, 0x7F, 0x7F, 0x01, 0x00, 0x94, 0x9D, 0x00, 0x60, 0x7F,
    0x7F, 0x01, 0x00, 0xA3, 0x9C, 0x00, 0xDE, 0x7F, 0x7F, 0x02, 0x00, 0x00, 0xB0, 0x9C, 0x00, 0x7C,
    0x7F, 0x7F, 0x02, 0x00, 0x00, 0xBE, 0x9B, 0x01, 0xF8, 0x19, 0x7F, 0x7F, 0x02, 0x00, 0x0D, 0xCA,
    0x9B, 0x00, 0x93, 0x7F, 0x7F, 0x03, 0x00, 0x00, 0x18, 0xD6, 0x9B, 0x00, 0x2D, 0x7F, 0x7F, 0x03,
    0x00, 0x00, 0x24, 0xE1, 0x9A, 0x00, 0xA5, 0x7F, 0x7F, 0x42, 0x01, 0x2F, 0xEC, 0x9A, 0x00, 0x3B,
    0x7F, 0x7F, 0x42, 0x01, 0x39, 0xF7, 0x99, 0x00, 0xB1, 0x7F, 0x7F, 0x43, 0x00, 0x43, 0x9A, 0x00,
    0x44, 0x7F, 0x7F, 0x43, 0x00, 0x4D, 0x99, 0x00, 0xB8, 0x7F, 0x7F, 0x44, 0x00, 0x56, 0x99, 0x00,
    0x47, 0x7F, 0x7F, 0x44, 0x00, 0x60, 0x98, 0x00, 0xB9, 0x7F, 0x7F, 0x45, 0x00, 0x69, 0x98, 0x00,
    0x45, 0x7F, 0x7F, 0x45, 0x00, 0x72, 0x97, 0x00, 0xB4, 0x7F, 0x7F, 0x46, 0x00, 0x7C, 0x97, 0x00,
    0x3D, 0x7F, 0x7F, 0x46, 0x00, 0x85, 0x96, 0x00, 0xAA, 0x7F, 0x7F, 0x47, 0x00, 0x8E, 0x96, 0x00,
    0x30, 0x7F, 0x7F, 0x47, 0x00, 0x98, 0x95, 0x00, 0x9B, 0x7F, 0x7F, 0x48, 0x00, 0xA3, 0x95, 0x00,
    0x1D, 0x7F, 0x7F, 0x48, 0x00, 0xAD, 0x94, 0x00, 0x86, 0x7F, 0x7F, 0x49, 0x00, 0xB8, 0x93, 0x01,
    0xEE, 0x05, 0x7F, 0x7F, 0x48, 0x01, 0x01, 0xC4, 0x93, 0x00, 0x6C, 0x7F, 0x7F, 0x49, 0x01, 0x0D,
    0xD0, 0x92, 0x00, 0xD2, 0x7F, 0x7F, 0x4A, 0x01, 0x1A, 0xDD, 0x92, 0x00, 0x4C, 0x7F, 0x7F, 0x4A,
    0x01, 0x27, 0xEB, 0x91, 0x00, 0xB0, 0x7F, 0x7F, 0x4B, 0x01, 0x35, 0xFA, 0x91, 0x00, 0x27, 0x7F,
    0x7F, 0x4B, 0x00, 0x44, 0x91, 0x00, 0x89, 0x7F, 0x7F, 0x4C, 0x00, 0x54, 0x90, 0x00, 0xE9, 0x7F,
    0x7F, 0x4D, 0x00, 0x66, 0x90, 0x00, 0x5C, 0x7F, 0x7F, 0x4D, 0x00, 0x78, 0x8F, 0x00, 0xBA, 0x7F,
    0x7F, 0x4E, 0x00, 0x8C, 0x8F, 0x00, 0x29, 0x7F, 0x7F, 0x4E, 0x00, 0xA1, 0x8E, 0x00, 0x85, 0x7F,
    0x7F, 0x4F, 0x00, 0xB8, 0x8D, 0x00, 0xE0, 0x7F, 0x7F, 0x4F, 0x01, 0x05, 0xD0, 0x8D, 0x00, 0x4B,
    0x7F, 0x7F, 0x4F, 0x01, 0x1E, 0xEA, 0x8C, 0x00, 0xA4, 0x7F, 0x7F, 0x50, 0x00, 0x38, 0x8C, 0x01,
    0xFC, 0x0C, 0x7F, 0x7F, 0x50, 0x00, 0x55, 0x8C, 0x00, 0x62, 0x7F, 0x7F, 0x51, 0x00, 0x73, 0x8B,
    0x00, 0xB8, 0x7F, 0x7F, 0x52, 0x00, 0x93, 0x8B, 0x00, 0x1B, 0x7F, 0x7F, 0x52, 0x00, 0xB6, 0x8A,
    0x00, 0x6E, 0x7F, 0x7F, 0x52, 0x01, 0x09, 0xDA, 0x89, 0x00, 0xC0, 0x7F, 0x7F, 0x53, 0x00, 0x2F,
    0x8A, 0x00, 0x20, 0x7F, 0x7F, 0x53, 0x00, 0x57, 0x89, 0x00, 0x6F, 0x7F, 0x7F, 0x54, 0x00, 0x81,
    0x88, 0x00, 0xBE, 0x7F, 0x7F, 0x55, 0x00, 0xAE, 0x88, 0x00, 0x19, 0x7F, 0x7F, 0x54, 0x01, 0x08,
    0xDE, 0x87, 0x00, 0x66, 0x7F, 0x7F, 0x55, 0x00, 0x39, 0x87, 0x00, 0xB1, 0x7F, 0x7F, 0x56, 0x00,
    0x6D, 0x86, 0x01, 0xFC, 0x08, 0x7F, 0x7F, 0x56, 0x00, 0xA4, 0x86, 0x00, 0x51, 0x7F, 0x7F, 0x56,
    0x01, 0x04, 0xDE, 0x85, 0x00, 0x99, 0x7F, 0x7F, 0x57, 0x00, 0x40, 0x85, 0x00, 0xE0, 0x7F, 0x7F,
    0x58, 0x00, 0x7F, 0x85, 0x00, 0x31, 0x7F, 0x7F, 0x58, 0x00, 0xC2, 0x84, 0x00, 0x76, 0x7F, 0x7F,
    0x58, 0x00, 0x2A, 0x84, 0x00, 0xBA, 0x7F, 0x7F, 0x59, 0x00, 0x72, 0x83, 0x01, 0xFD, 0x06, 0x7F,
    0x7F, 0x59, 0x00, 0xBE, 0x83, 0x00, 0x48, 0x7F, 0x7F, 0x59, 0x00, 0x2D, 0x83, 0x00, 0x89, 0x7F,
    0x7F, 0x5A, 0x00, 0x80, 0x82, 0x00, 0xC8, 0x7F, 0x7F, 0x5B, 0x00, 0xD7, 0x82, 0x00, 0x0F, 0x7F,
    0x7F, 0x5A, 0x00, 0x4D, 0x82, 0x00, 0x4C, 0x7F, 0x7F, 0x5B, 0x03, 0xAB, 0xFF, 0xFF, 0x89, 0x7F,
    0x7F, 0x5B, 0x03, 0x27, 0xFF, 0xFF, 0xC4, 0x7F, 0x7F, 0x5C, 0x03, 0x8E, 0xFF, 0xFE, 0x05, 0x7F,
    0x7F, 0x5B, 0x03, 0x10, 0xF9, 0xFF, 0x3E, 0x7F, 0x7F, 0x5C, 0x02, 0x80, 0xFF, 0x76, 0x7F, 0x7F,
    0x5C, 0x02, 0x09, 0xF5, 0xAD, 0x7F, 0x7F, 0x5D, 0x01, 0x82, 0xE2, 0x7F, 0x7F, 0x5D, 0x02, 0x14,
    0xFF, 0x1D, 0x7F, 0x7F, 0x5D, 0x01, 0x99, 0x51, 0x7F, 0x7F, 0x5D, 0x01, 0x34, 0x83, 0x7F, 0x7F,
    0x5E, 0x00, 0xB4, 0x7F, 0x7F, 0x5E, 0x00, 0x6D, 0x7F, 0x7F, 0x5E, 0x01, 0x1B, 0x19, 0x7F, 0x7F,
    0x5E, 0x00, 0x47, 0x7F, 0x7F, 0x5E, 0x00, 0x74, 0x7F, 0x7F, 0x7F, 0x7F, 0x7F, 0x7F, 0x7F, 0x7F,
    0x7F, 0x7F, 0x7F, 0x7F, 0x7F, 0x7F, 0x7F, 0x7F, 0x7F, 0x7F, 0x7F, 0x7F, 0x7F, 0x7F, 0x6C, 0x01,
    0x7A, 0x29, 0x7F, 0x7F, 0x5F, 0x01, 0x75, 0x5C, 0x7F, 0x7F, 0x5E, 0x03, 0x16, 0x9C, 0x89, 0x27,
    0x7F, 0x7F, 0x5D, 0x03, 0x4F, 0xE0, 0xB0, 0x4C, 0x7F, 0x7F, 0x5C, 0x05, 0x09, 0xA0, 0xFF, 0xD2,
    0x6C, 0x05, 0x7F, 0x7F, 0x5B, 0x05, 0x67, 0xFF, 0xFF, 0xEE, 0x86, 0x1D, 0x7F, 0x7F, 0x5A, 0x01,
    0x35, 0xD8, 0x82, 0x01, 0x9B, 0x30, 0x7F, 0x7F, 0x59, 0x01, 0x0A, 0xB0, 0x83, 0x01, 0xAA, 0x3D,
    0x7F, 0x7F, 0x59, 0x00, 0x8E, 0x84, 0x01, 0xB4, 0x45, 0x7F, 0x7F, 0x58, 0x00, 0x71, 0x85, 0x01,
    0xB9, 0x47, 0x7F, 0x7F, 0x57, 0x00, 0x59, 0x86, 0x01, 0xB8, 0x44, 0x7F, 0x7F, 0x56, 0x01, 0x46,
    0xFA, 0x86, 0x01, 0xB1, 0x3B, 0x7F, 0x7F, 0x55, 0x01, 0x37, 0xEE, 0x87, 0x01, 0xA5, 0x2D, 0x7F,
    0x7F, 0x54, 0x01, 0x2D, 0xE6, 0x88, 0x01, 0x93, 0x19, 0x7F, 0x7F, 0x53, 0x01, 0x26, 0xE2, 0x88,
    0x01, 0xF8, 0x7C, 0x7F, 0x7F, 0x53, 0x01, 0x24, 0xE2, 0x89, 0x01, 0xDE, 0x60, 0x7F, 0x7F, 0x52,
    0x01, 0x25, 0xE5, 0x8A, 0x01, 0xBE, 0x3E, 0x7F, 0x7F, 0x51, 0x01, 0x2A, 0xEC, 0x8B, 0x01, 0x99,
    0x17, 0x7F, 0x7F, 0x50, 0x01, 0x32, 0xF6, 0x8B, 0x01, 0xF2, 0x6E, 0x7F, 0x7F, 0x50, 0x00, 0x3E,
    0x8D, 0x01, 0xC4, 0x3E, 0x7F, 0x7F, 0x4F, 0x00, 0x4C, 0x8E, 0x01, 0x90, 0x09, 0x7F, 0x7F, 0x4E,
    0x00, 0x5E, 0x8E, 0x01, 0xE0, 0x57, 0x7F, 0x7F, 0x4E, 0x00, 0x72, 0x8F, 0x01, 0xA4, 0x19, 0x7F,
    0x7F, 0x4D, 0x00, 0x88, 0x8F, 0x01, 0xEE, 0x62, 0x7F, 0x7F, 0x4D, 0x00, 0xA2, 0x90, 0x01, 0xA9,
    0x1B, 0x7F, 0x7F, 0x4C, 0x00, 0xBD, 0x90, 0x01, 0xEE, 0x5F, 0x7F, 0x7F, 0x4B, 0x01, 0x0E, 0xDB,
    0x91, 0x01, 0xA1, 0x0F, 0x7F, 0x7F, 0x4A, 0x01, 0x2D, 0xFB, 0x91, 0x01, 0xE0, 0x4D, 0x7F, 0x7F,
    0x4A, 0x00, 0x4E, 0x93, 0x00, 0x8A, 0x7F, 0x7F, 0x4A, 0x00, 0x71, 0x93, 0x01, 0xC4, 0x2E, 0x7F,
    0x7F, 0x49, 0x00, 0x95, 0x93, 0x01, 0xFC, 0x64, 0x7F, 0x7F, 0x49, 0x00, 0xBC, 0x94, 0x00, 0x99,
    0x7F, 0x7F, 0x48, 0x01, 0x12, 0xE4, 0x94, 0x01, 0xCB, 0x31, 0x7F, 0x7F, 0x47, 0x00, 0x3B, 0x95,
    0x01, 0xFC, 0x60, 0x7F, 0x7F, 0x47, 0x00, 0x66, 0x96, 0x00, 0x8D, 0x7F, 0x7F, 0x47, 0x00, 0x92,
    0x96, 0x01, 0xB8, 0x19, 0x7F, 0x7F, 0x46, 0x00, 0xBF, 0x96, 0x01, 0xE0, 0x40, 0x7F, 0x7F, 0x45,
    0x01, 0x19, 0xED, 0x97, 0x00, 0x66, 0x7F, 0x7F, 0x45, 0x00, 0x48, 0x98, 0x00, 0x89, 0x7F, 0x7F,
    0x45, 0x00, 0x78, 0x98, 0x01, 0xA9, 0x05, 0x7F, 0x7F, 0x44, 0x00, 0xA9, 0x98, 0x01, 0xC8, 0x23,
    0x7F, 0x7F, 0x43, 0x01, 0x07, 0xDB, 0x98, 0x01, 0xE5, 0x3E, 0x7F, 0x7F, 0x43, 0x00, 0x39, 0x9A,
    0x00, 0x57, 0x7F, 0x7F, 0x43, 0x00, 0x6C, 0x9A, 0x00, 0x6E, 0x7F, 0x7F, 0x43, 0x00, 0x9F, 0x9A,
    0x00, 0x83, 0x7F, 0x7F, 0x43, 0x00, 0xD3, 0x9A, 0x00, 0x96, 0x7F, 0x7F, 0x42, 0x00, 0x33, 0x9B,
    0x00, 0xA6, 0x7F, 0x7F, 0x42, 0x00, 0x68, 0x9B, 0x01, 0xB4, 0x06, 0x7F, 0x7F, 0x02, 0x00, 0x00,
    0x9D, 0x9B, 0x01, 0xC0, 0x11, 0x7F, 0x7F, 0x02, 0x00, 0x00, 0xD2, 0x9B, 0x01, 0xCA, 0x1A, 0x7F,
    0x7F, 0x01, 0x00, 0x34, 0x9C, 0x01, 0xD2, 0x21, 0x7F, 0x7F, 0x01, 0x00, 0x6A, 0x9C, 0x01, 0xD7,
    0x25, 0x7F, 0x7F, 0x01, 0x00, 0x9F, 0x9C, 0x01, 0xDB, 0x27, 0x7F, 0x7F, 0x01, 0x02, 0xD5, 0x9C,
    0x01, 0xDC, 0x27, 0x7F, 0x7F, 0x00, 0x38, 0x9D, 0x01, 0xDB, 0x25, 0x7F, 0x7F, 0x00, 0x6D, 0x9D,
    0x01, 0xD7, 0x21, 0x7F, 0x7F, 0x00, 0xA3, 0x9D, 0x01, 0xD2, 0x1A, 0x7F, 0x7E, 0x01, 0x06, 0xD8,
    0x9D, 0x01, 0xCA, 0x11, 0x7F, 0x7E, 0x00, 0x3B, 0x9E, 0x01, 0xC0, 0x06, 0x7F, 0x7E, 0x00, 0x70,
    0x9E, 0x00, 0xB4, 0x7F, 0x7F, 0x00, 0xA4, 0x9E, 0x00, 0xA6, 0x7F, 0x7E, 0x01, 0x08, 0xD7, 0x9E,
    0x00, 0x96, 0x7F, 0x7E, 0x00, 0x3B, 0x9F, 0x00, 0x83, 0x7F, 0x7E, 0x00, 0x6E, 0x9F, 0x00, 0x6E,
    0x7F, 0x7E, 0x00, 0xA0, 0x9F, 0x00, 0x57, 0x7F, 0x7D, 0x01, 0x04, 0xD1, 0x9F, 0x00, 0x3E, 0x7F,
    0x7D, 0x00, 0x35, 0x9F, 0x01, 0xE5, 0x23, 0x7F, 0x7D, 0x00, 0x65, 0x9F, 0x01, 0xC8, 0x05, 0x7F,
    0x7D, 0x00, 0x95, 0x9F, 0x00, 0xA9, 0x7F, 0x7E, 0x00, 0xC3, 0x9F, 0x00, 0x89, 0x7F, 0x7D, 0x01,
    0x26, 0xF1, 0x9F, 0x00, 0x66, 0x7F, 0x7D, 0x00, 0x53, 0xA0, 0x00, 0x40, 0x7F, 0x7D, 0x00, 0x80,
    0x9F, 0x01, 0xE0, 0x19, 0x7F, 0x7D, 0x00, 0xAB, 0x9F, 0x00, 0xB8, 0x7F, 0x7D, 0x01, 0x0D, 0xD6,
    0x9F, 0x00, 0x8D, 0x7F, 0x7D, 0x00, 0x37, 0xA0, 0x00, 0x60, 0x7F, 0x7D, 0x00, 0x5F, 0x9F, 0x01,
    0xFC, 0x31, 0x7F, 0x7D, 0x00, 0x87, 0x9F, 0x00, 0xCB, 0x7F, 0x7E, 0x00, 0xAE, 0x9F, 0x00, 0x99,
    0x7F, 0x7D, 0x01, 0x0D, 0xD3, 0x9F, 0x00, 0x64, 0x7F, 0x7D, 0x01, 0x32, 0xF8, 0x9E, 0x01, 0xFC,
    0x2E, 0x7F, 0x7D, 0x00, 0x56, 0x9F, 0x00, 0xC4, 0x7F, 0x7E, 0x00, 0x78, 0x9F, 0x00, 0x8A, 0x7F,
    0x7E, 0x00, 0x9A, 0x9F, 0x00, 0x4D, 0x7F, 0x7E, 0x00, 0xBA, 0x9E, 0x01, 0xE0, 0x0F, 0x7F, 0x7D,
    0x01, 0x16, 0xD9, 0x9E, 0x00, 0xA1, 0x7F, 0x7E, 0x01, 0x35, 0xF7, 0x9E, 0x00, 0x5F, 0x7F, 0x7E,
    0x00, 0x52, 0x9E, 0x01, 0xEE, 0x1B, 0x7F, 0x7E, 0x00, 0x6E, 0x9E, 0x00, 0xA9, 0x7F, 0x7F, 0x00,
    0x8A, 0x9E, 0x00, 0x62, 0x7F, 0x7F, 0x00, 0xA4, 0x9D, 0x01, 0xEE, 0x19, 0x7F, 0x7F, 0x00, 0xBD,
    0x9D, 0x00, 0xA4, 0x7F, 0x7F, 0x01, 0x14, 0xD4, 0x9D, 0x00, 0x57, 0x7F, 0x7F, 0x01, 0x2C, 0xEB,
    0x9C, 0x01, 0xE0, 0x09, 0x7F, 0x7F, 0x00, 0x42, 0x9D, 0x00, 0x90, 0x7F, 0x7F, 0x01, 0x00, 0x57,
    0x9D, 0x00, 0x3E, 0x7F, 0x7F, 0x01, 0x00, 0x6B, 0x9C, 0x00, 0xC4, 0x7F, 0x7F, 0x02, 0x00, 0x00,
    0x7F, 0x9C, 0x00, 0x6E, 0x7F, 0x7F, 0x02, 0x00, 0x00, 0x91, 0x9B, 0x01, 0xF2, 0x17, 0x7F, 0x7F,
    0x02, 0x00, 0x00, 0xA3, 0x9B, 0x00, 0x99, 0x7F, 0x7F, 0x42, 0x00, 0xB4, 0x9B, 0x00, 0x3E, 0x7F,
    0x7F, 0x03, 0x00, 0x00, 0x06, 0xC4, 0x9A, 0x00, 0xBE, 0x7F, 0x7F, 0x42, 0x01, 0x15, 0xD3, 0x9A,
    0x00, 0x60, 0x7F, 0x7F, 0x42, 0x01, 0x24, 0xE2, 0x99, 0x00, 0xDE, 0x7F, 0x7F, 0x43, 0x01, 0x32,
    0xF0, 0x99, 0x00, 0x7C, 0x7F, 0x7F, 0x43, 0x01, 0x40, 0xFD, 0x98, 0x01, 0xF8, 0x19, 0x7F, 0x7F,
    0x43, 0x00, 0x4D, 0x99, 0x00, 0x93, 0x7F, 0x7F, 0x44, 0x00, 0x59, 0x99, 0x00, 0x2D, 0x7F, 0x7F,
    0x44, 0x00, 0x65, 0x98, 0x00, 0xA5, 0x7F, 0x7F, 0x45, 0x00, 0x71, 0x98, 0x00, 0x3B, 0x7F, 0x7F,
    0x45, 0x00, 0x7D, 0x97, 0x00, 0xB1, 0x7F, 0x7F, 0x46, 0x00, 0x88, 0x97, 0x00, 0x44, 0x7F, 0x7F,
    0x46, 0x00, 0x93, 0x96, 0x00, 0xB8, 0x7F, 0x7F, 0x47, 0x00, 0x9F, 0x96, 0x00, 0x47, 0x7F, 0x7F,
    0x47, 0x00, 0xAA, 0x95, 0x00, 0xB9, 0x7F, 0x7F, 0x48, 0x00, 0xB5, 0x95, 0x00, 0x45, 0x7F, 0x7F,
    0x48, 0x00, 0xC0, 0x94, 0x00, 0xB4, 0x7F, 0x7F, 0x48, 0x01, 0x0C, 0xCC, 0x94, 0x00, 0x3D, 0x7F,
    0x7F, 0x48, 0x01, 0x17, 0xD8, 0x93, 0x00, 0xAA, 0x7F, 0x7F, 0x49, 0x01, 0x23, 0xE4, 0x93, 0x00,
    0x30, 0x7F, 0x7F, 0x49, 0x01, 0x2F, 0xF1, 0x92, 0x00, 0x9B, 0x7F, 0x7F, 0x4A, 0x01, 0x3B, 0xFE,
    0x92, 0x00, 0x1D, 0x7F, 0x7F, 0x4A, 0x00, 0x49, 0x92, 0x00, 0x86, 0x7F, 0x7F, 0x4B, 0x00, 0x57,
    0x91, 0x01, 0xEE, 0x05, 0x7F, 0x7F, 0x4B, 0x00, 0x65, 0x91, 0x00, 0x6C, 0x7F, 0x7F, 0x4C, 0x00,
    0x75, 0x90, 0x00, 0xD2, 0x7F, 0x7F, 0x4D, 0x00, 0x85, 0x90, 0x00, 0x4C, 0x7F, 0x7F, 0x4D, 0x00,
    0x96, 0x8F, 0x00, 0xB0, 0x7F, 0x7F, 0x4E, 0x00, 0xA8, 0x8F, 0x00, 0x27, 0x7F, 0x7F, 0x4E, 0x00,
    0xBC, 0x8E, 0x00, 0x89, 0x7F, 0x7F, 0x4E, 0x01, 0x09, 0xD1, 0x8D, 0x00, 0xE9, 0x7F, 0x7F, 0x4F,
    0x01, 0x1E, 0xE7, 0x8D, 0x00, 0x5C, 0x7F, 0x7F, 0x4F, 0x01, 0x34, 0xFE, 0x8C, 0x00, 0xBA, 0x7F,
    0x7F, 0x50, 0x00, 0x4C, 0x8D, 0x00, 0x29, 0x7F, 0x7F, 0x50, 0x00, 0x66, 0x8C, 0x00, 0x85, 0x7F,
    0x7F, 0x51, 0x00, 0x81, 0x8B, 0x00, 0xE0, 0x7F, 0x7F, 0x52, 0x00, 0x9E, 0x8B, 0x00, 0x4B, 0x7F,
    0x7F, 0x52, 0x00, 0xBD, 0x8A, 0x00, 0xA4, 0x7F, 0x7F, 0x52, 0x01, 0x0F, 0xDE, 0x89, 0x01, 0xFC,
    0x0C, 0x7F, 0x7F, 0x52, 0x00, 0x31, 0x8A, 0x00, 0x62, 0x7F, 0x7F, 0x53, 0x00, 0x55, 0x89, 0x00,
    0xB8, 0x7F, 0x7F, 0x54, 0x00, 0x7B, 0x89, 0x00, 0x1B, 0x7F, 0x7F, 0x54, 0x00, 0xA4, 0x88, 0x00,
    0x6E, 0x7F, 0x7F, 0x55, 0x00, 0xCF, 0x87, 0x00, 0xC0, 0x7F, 0x7F, 0x55, 0x01, 0x28, 0xFC, 0x87,
    0x00, 0x20, 0x7F, 0x7F, 0x55, 0x00, 0x56, 0x87, 0x00, 0x6F, 0x7F, 0x7F, 0x56, 0x00, 0x88, 0x86,
    0x00, 0xBE, 0x7F, 0x7F, 0x57, 0x00, 0xBC, 0x86, 0x00, 0x19, 0x7F, 0x7F, 0x56, 0x01, 0x1B, 0xF3,
    0x85, 0x00, 0x66, 0x7F, 0x7F, 0x57, 0x00, 0x54, 0x85, 0x00, 0xB1, 0x7F, 0x7F, 0x58, 0x00, 0x90,
    0x84, 0x01, 0xFC, 0x08, 0x7F, 0x7F, 0x58, 0x00, 0xD0, 0x84, 0x00, 0x51, 0x7F, 0x7F, 0x58, 0x00,
    0x36, 0x84, 0x00, 0x99, 0x7F, 0x7F, 0x59, 0x00, 0x7B, 0x83, 0x00, 0xE0, 0x7F, 0x7F, 0x5A, 0x00,
    0xC4, 0x83, 0x00, 0x31, 0x7F, 0x7F, 0x59, 0x00, 0x31, 0x83, 0x00, 0x76, 0x7F, 0x7F, 0x5A, 0x00,
    0x80, 0x82, 0x00, 0xBA, 0x7F, 0x7F, 0x5B, 0x04, 0xD3, 0xFF, 0xFF, 0xFD, 0x06, 0x7F, 0x7F, 0x5A,
    0x00, 0x47, 0x82, 0x00, 0x48, 0x7F, 0x7F, 0x5B, 0x03, 0xA1, 0xFF, 0xFF, 0x89, 0x7F, 0x7F, 0x5B,
    0x03, 0x1B, 0xFF, 0xFF, 0xC8, 0x7F, 0x7F, 0x5C, 0x03, 0x7E, 0xFF, 0xFF, 0x0F, 0x7F, 0x7F, 0x5C,
    0x02, 0xE5, 0xFF, 0x4C, 0x7F, 0x7F, 0x5C, 0x02, 0x68, 0xFF, 0x89, 0x7F, 0x7F, 0x5D, 0x01, 0xD9,
    0xC4, 0x7F, 0x7F, 0x5D, 0x02, 0x64, 0xFE, 0x05, 0x7F, 0x7F, 0x5D, 0x01, 0xDF, 0x3E, 0x7F, 0x7F,
    0x5D, 0x01, 0x73, 0x76, 0x7F, 0x7F, 0x5D, 0x01, 0x0B, 0xAD, 0x7F, 0x7F, 0x5E, 0x00, 0x98, 0x7F,
    0x7F, 0x5E, 0x01, 0x3B, 0x1D, 0x7F, 0x7F, 0x5E, 0x00, 0x51, 0x7F, 0x7F, 0x5E, 0x00, 0x83, 0x7F,
    0x7F, 0x5E, 0x00, 0x4B, 0x7F, 0x7F, 0x7F, 0x7F, 0x7F, 0x7F, 0x7F, 0x7F, 0x7F, 0x7F, 0x7F, 0x7F,
    0x7F, 0x7F, 0x7F, 0x7F, 0x7F, 0x7F, 0x7F, 0x7F, 0x7F, 0x7F, 0x7F, 0x7F, 0x7F, 0x7F, 0x7F, 0x7F,
    0x7F, 0x7F, 0x7F, 0x7F, 0x7F, 0x7F, 0x7F, 0x7F, 0x7F, 0x71, 0x02, 0x1A, 0x89, 0x27, 0x7F, 0x7F,
    0x5E, 0x02, 0x2B, 0xB0, 0x4C, 0x7F, 0x7F, 0x5E, 0x03, 0x63, 0xD2, 0x6C, 0x05, 0x7F, 0x7F, 0x5C,
    0x04, 0x1F, 0xB6, 0xEE, 0x86, 0x1D, 0x7F, 0x7F, 0x5C, 0x04, 0x80, 0xFF, 0xFF, 0x9B, 0x30, 0x7F,
    0x7F, 0x5B, 0x05, 0x50, 0xF4, 0xFF, 0xFF, 0xAA, 0x3D, 0x7F, 0x7F, 0x5A, 0x01, 0x28, 0xD0, 0x82,
    0x01, 0xB4, 0x45, 0x7F, 0x7F, 0x59, 0x01, 0x05, 0xB1, 0x83, 0x01, 0xB9, 0x47, 0x7F, 0x7F, 0x59,
    0x00, 0x98, 0x84, 0x01, 0xB8, 0x44, 0x7F, 0x7F, 0x58, 0x00, 0x84, 0x85, 0x01, 0xB1, 0x3B, 0x7F,
    0x7F, 0x57, 0x00, 0x75, 0x86, 0x01, 0xA5, 0x2D, 0x7F, 0x7F, 0x56, 0x00, 0x6A, 0x87, 0x01, 0x93,
    0x19, 0x7F, 0x7F, 0x55, 0x00, 0x64, 0x87, 0x01, 0xF8, 0x7C, 0x7F, 0x7F, 0x55, 0x00, 0x62, 0x88,
    0x01, 0xDE, 0x60, 0x7F, 0x7F, 0x54, 0x00, 0x64, 0x89, 0x01, 0xBE, 0x3E, 0x7F, 0x7F, 0x53, 0x00,
    0x6A, 0x8A, 0x01, 0x99, 0x17, 0x7F, 0x7F, 0x52, 0x00, 0x73, 0x8A, 0x01, 0xF2, 0x6E, 0x7F, 0x7F,
    0x52, 0x00, 0x80, 0x8B, 0x01, 0xC4, 0x3E, 0x7F, 0x7F, 0x51, 0x00, 0x90, 0x8C, 0x01, 0x90, 0x09,
    0x7F, 0x7F, 0x50, 0x00, 0xA3, 0x8C, 0x01, 0xE0, 0x57, 0x7F, 0x7F, 0x50, 0x00, 0xB9, 0x8D, 0x01,
    0xA4, 0x19, 0x7F, 0x7F, 0x4E, 0x01, 0x07, 0xD2, 0x8D, 0x01, 0xEE, 0x62, 0x7F, 0x7F, 0x4E, 0x01,
    0x21, 0xED, 0x8E, 0x01, 0xA9, 0x1B, 0x7F, 0x7F, 0x4D, 0x00, 0x3D, 0x8F, 0x01, 0xEE, 0x5F, 0x7F,
    0x7F, 0x4D, 0x00, 0x5C, 0x90, 0x01, 0xA1, 0x0F, 0x7F, 0x7F, 0x4C, 0x00, 0x7D, 0x90, 0x01, 0xE0,
    0x4D, 0x7F, 0x7F, 0x4C, 0x00, 0xA1, 0x91, 0x00, 0x8A, 0x7F, 0x7F, 0x4C, 0x00, 0xC6, 0x91, 0x01,
    0xC4, 0x2E, 0x7F, 0x7F, 0x4A, 0x01, 0x1C, 0xED, 0x91, 0x01, 0xFC, 0x64, 0x7F, 0x7F, 0x4A, 0x00,
    0x44, 0x93, 0x00, 0x99, 0x7F, 0x7F, 0x4A, 0x00, 0x6D, 0x93, 0x01, 0xCB, 0x31, 0x7F, 0x7F, 0x49,
    0x00, 0x99, 0x93, 0x01, 0xFC, 0x60, 0x7F, 0x7F, 0x49, 0x00, 0xC6, 0x94, 0x00, 0x8D, 0x7F, 0x7F,
    0x48, 0x01, 0x20, 0xF4, 0x94, 0x01, 0xB8, 0x19, 0x7F, 0x7F, 0x47, 0x00, 0x4F, 0x95, 0x01, 0xE0,
    0x40, 0x7F, 0x7F, 0x47, 0x00, 0x7F, 0x96, 0x00, 0x66, 0x7F, 0x7F, 0x47, 0x00, 0xB0, 0x96, 0x00,
    0x89, 0x7F, 0x7F, 0x46, 0x01, 0x0E, 0xE2, 0x96, 0x01, 0xA9, 0x05, 0x7F, 0x7F, 0x45, 0x00, 0x40,
    0x97, 0x01, 0xC8, 0x23, 0x7F, 0x7F, 0x45, 0x00, 0x74, 0x97, 0x01, 0xE5, 0x3E, 0x7F, 0x7F, 0x45,
    0x00, 0xA9, 0x98, 0x00, 0x57, 0x7F, 0x7F, 0x44, 0x01, 0x08, 0xDE, 0x98, 0x00, 0x6E, 0x7F, 0x7F,
    0x44, 0x00, 0x3E, 0x99, 0x00, 0x83, 0x7F, 0x7F, 0x44, 0x00, 0x74, 0x99, 0x00, 0x96, 0x7F, 0x7F,
    0x44, 0x00, 0xAA, 0x99, 0x00, 0xA6, 0x7F, 0x7F, 0x43, 0x01, 0x0C, 0xE1, 0x99, 0x01, 0xB4, 0x06,
    0x7F, 0x7F, 0x42, 0x00, 0x43, 0x9A, 0x01, 0xC0, 0x11, 0x7F, 0x7F, 0x42, 0x00, 0x7A, 0x9A, 0x01,
    0xCA, 0x1A, 0x7F, 0x7F, 0x42, 0x00, 0xB2, 0x9A, 0x01, 0xD2, 0x21, 0x7F, 0x7F, 0x03, 0x00, 0x00,
    0x15, 0xE9, 0x9A, 0x01, 0xD7, 0x25, 0x7F, 0x7F, 0x02, 0x00, 0x00, 0x4D, 0x9B, 0x01, 0xDB, 0x27,
    0x7F, 0x7F, 0x02, 0x00, 0x00, 0x84, 0x9B, 0x01, 0xDC, 0x27, 0x7F, 0x7F, 0x02, 0x00, 0x00, 0xBB,
    0x9B, 0x01, 0xDB, 0x25, 0x7F, 0x7F, 0x02, 0x00, 0x1F, 0xF2, 0x9B, 0x01, 0xD7, 0x21, 0x7F, 0x7F,
    0x01, 0x00, 0x56, 0x9C, 0x01, 0xD2, 0x1A, 0x7F, 0x7F, 0x01, 0x00, 0x8D, 0x9C, 0x01, 0xCA, 0x11,
    0x7F, 0x7F, 0x01, 0x00, 0xC3, 0x9C, 0x01, 0xC0, 0x06, 0x7F, 0x7F, 0x01, 0x28, 0xF9, 0x9C, 0x00,
    0xB4, 0x7F, 0x7F, 0x01, 0x00, 0x5D, 0x9D, 0x00, 0xA6, 0x7F, 0x7F, 0x01, 0x00, 0x92, 0x9D, 0x00,
    0x96, 0x7F, 0x7F, 0x01, 0x00, 0xC6, 0x9D, 0x00, 0x83, 0x7F, 0x7F, 0x01, 0x2B, 0xFA, 0x9D, 0x00,
    0x6E, 0x7F, 0x7F, 0x00, 0x5E, 0x9E, 0x00, 0x57, 0x7F, 0x7F, 0x00, 0x91, 0x9E, 0x00, 0x3E, 0x7F,
    0x7F, 0x00, 0xC2, 0x9D, 0x01, 0xE5, 0x23, 0x7F, 0x7E, 0x01, 0x26, 0xF3, 0x9D, 0x01, 0xC8, 0x05,
    0x7F, 0x7E, 0x00, 0x57, 0x9E, 0x00, 0xA9, 0x7F, 0x7F, 0x00, 0x86, 0x9E, 0x00, 0x89, 0x7F, 0x7F,
    0x00, 0xB5, 0x9E, 0x00, 0x66, 0x7F, 0x7E, 0x01, 0x17, 0xE2, 0x9E, 0x00, 0x40, 0x7F, 0x7E, 0x00,
    0x44, 0x9E, 0x01, 0xE0, 0x19, 0x7F, 0x7E, 0x00, 0x70, 0x9E, 0x00, 0xB8, 0x7F, 0x7F, 0x00, 0x9B,
    0x9E, 0x00, 0x8D, 0x7F, 0x7F, 0x00, 0xC4, 0x9E, 0x00, 0x60, 0x7F, 0x7E, 0x01, 0x25, 0xED, 0x9D,
    0x01, 0xFC, 0x31, 0x7F, 0x7E, 0x00, 0x4D, 0x9E, 0x00, 0xCB, 0x7F, 0x7F, 0x00, 0x74, 0x9E, 0x00,
    0x99, 0x7F, 0x7F, 0x00, 0x99, 0x9E, 0x00, 0x64, 0x7F, 0x7F, 0x00, 0xBD, 0x9D, 0x01, 0xFC, 0x2E,
    0x7F, 0x7E, 0x01, 0x1B, 0xE0, 0x9D, 0x00, 0xC4, 0x7F, 0x7F, 0x00, 0x3E, 0x9E, 0x00, 0x8A, 0x7F,
    0x7F, 0x00, 0x5F, 0x9E, 0x00, 0x4D, 0x7F, 0x7F, 0x00, 0x7F, 0x9D, 0x01, 0xE0, 0x0F, 0x7F, 0x7F,
    0x00, 0x9D, 0x9D, 0x00, 0xA1, 0x7F, 0x7F, 0x01, 0x00, 0xBA, 0x9D, 0x00, 0x5F, 0x7F, 0x7F, 0x01,
    0x15, 0xD7, 0x9C, 0x01, 0xEE, 0x1B, 0x7F, 0x7F, 0x01, 0x30, 0xF2, 0x9C, 0x00, 0xA9, 0x7F, 0x7F,
    0x01, 0x00, 0x4B, 0x9D, 0x00, 0x62, 0x7F, 0x7F, 0x01, 0x00, 0x64, 0x9C, 0x01, 0xEE, 0x19, 0x7F,
    0x7F, 0x01, 0x00, 0x7B, 0x9C, 0x00, 0xA4, 0x7F, 0x7F, 0x02, 0x00, 0x00, 0x92, 0x9C, 0x00, 0x57,
    0x7F, 0x7F, 0x02, 0x00, 0x00, 0xA8, 0x9B, 0x01, 0xE0, 0x09, 0x7F, 0x7F, 0x02, 0x00, 0x00, 0xBC,
    0x9B, 0x00, 0x90, 0x7F, 0x7F, 0x03, 0x00, 0x00, 0x11, 0xD0, 0x9B, 0x00, 0x3E, 0x7F, 0x7F, 0x03,
    0x00, 0x00, 0x24, 0xE3, 0x9A, 0x00, 0xC4, 0x7F, 0x7F, 0x42, 0x01, 0x36, 0xF4, 0x9A, 0x00, 0x6E,
    0x7F, 0x7F, 0x42, 0x00, 0x47, 0x9A, 0x01, 0xF2, 0x17, 0x7F, 0x7F, 0x42, 0x00, 0x57, 0x9A, 0x00,
    0x99, 0x7F, 0x7F, 0x43, 0x00, 0x66, 0x9A, 0x00, 0x3E, 0x7F, 0x7F, 0x43, 0x00, 0x75, 0x99, 0x00,
    0xBE, 0x7F, 0x7F, 0x44, 0x00, 0x82, 0x99, 0x00, 0x60, 0x7F, 0x7F, 0x44, 0x00, 0x8F, 0x98, 0x00,
    0xDE, 0x7F, 0x7F, 0x45, 0x00, 0x9C, 0x98, 0x00, 0x7C, 0x7F, 0x7F, 0x45, 0x00, 0xA7, 0x97, 0x01,
    0xF8, 0x19, 0x7F, 0x7F, 0x45, 0x00, 0xB3, 0x97, 0x00, 0x93, 0x7F, 0x7F, 0x46, 0x00, 0xBD, 0x97,
    0x00, 0x2D, 0x7F, 0x7F, 0x45, 0x01, 0x0A, 0xC8, 0x96, 0x00, 0xA5, 0x7F, 0x7F, 0x46, 0x01, 0x14,
    0xD2, 0x96, 0x00, 0x3B, 0x7F, 0x7F, 0x46, 0x01, 0x1E, 0xDC, 0x95, 0x00, 0xB1, 0x7F, 0x7F, 0x47,
    0x01, 0x27, 0xE6, 0x95, 0x00, 0x44, 0x7F, 0x7F, 0x47, 0x01, 0x31, 0xEF, 0x94, 0x00, 0xB8, 0x7F,
    0x7F, 0x48, 0x01, 0x3A, 0xF9, 0x94, 0x00, 0x47, 0x7F, 0x7F, 0x48, 0x00, 0x43, 0x94, 0x00, 0xB9,
    0x7F, 0x7F, 0x49, 0x00, 0x4D, 0x94, 0x00, 0x45, 0x7F, 0x7F, 0x49, 0x00, 0x56, 0x93, 0x00, 0xB4,
    0x7F, 0x7F, 0x4A, 0x00, 0x60, 0x93, 0x00, 0x3D, 0x7F, 0x7F, 0x4A, 0x00, 0x6A, 0x92, 0x00, 0xAA,
    0x7F, 0x7F, 0x4B, 0x00, 0x74, 0x92, 0x00, 0x30, 0x7F, 0x7F, 0x4B, 0x00, 0x7F, 0x91, 0x00, 0x9B,
    0x7F, 0x7F, 0x4C, 0x00, 0x8B, 0x91, 0x00, 0x1D, 0x7F, 0x7F, 0x4C, 0x00, 0x97, 0x90, 0x00, 0x86,
    0x7F, 0x7F, 0x4D, 0x00, 0xA4, 0x8F, 0x01, 0xEE, 0x05, 0x7F, 0x7F, 0x4D, 0x00, 0xB2, 0x8F, 0x00,
    0x6C, 0x7F, 0x7F, 0x4E, 0x00, 0xC1, 0x8E, 0x00, 0xD2, 0x7F, 0x7F, 0x4E, 0x01, 0x0B, 0xD1, 0x8E,
    0x00, 0x4C, 0x7F, 0x7F, 0x4E, 0x01, 0x1C, 0xE2, 0x8D, 0x00, 0xB0, 0x7F, 0x7F, 0x4F, 0x01, 0x2D,
    0xF4, 0x8D, 0x00, 0x27, 0x7F, 0x7F, 0x4F, 0x00, 0x40, 0x8D, 0x00, 0x89, 0x7F, 0x7F, 0x50, 0x00,
    0x53, 0x8C, 0x00, 0xE9, 0x7F, 0x7F, 0x51, 0x00, 0x69, 0x8C, 0x00, 0x5C, 0x7F, 0x7F, 0x51, 0x00,
    0x80, 0x8B, 0x00, 0xBA, 0x7F, 0x7F, 0x52, 0x00, 0x98, 0x8B, 0x00, 0x29, 0x7F, 0x7F, 0x52, 0x00,
    0xB3, 0x8A, 0x00, 0x85, 0x7F, 0x7F, 0x52, 0x01, 0x03, 0xCF, 0x89, 0x00, 0xE0, 0x7F, 0x7F, 0x53,
    0x01, 0x20, 0xED, 0x89, 0x00, 0x4B, 0x7F, 0x7F, 0x53, 0x00, 0x3F, 0x89, 0x00, 0xA4, 0x7F, 0x7F,
    0x54, 0x00, 0x61, 0x88, 0x01, 0xFC, 0x0C, 0x7F, 0x7F, 0x54, 0x00, 0x84, 0x88, 0x00, 0x62, 0x7F,
    0x7F, 0x55, 0x00, 0xAA, 0x87, 0x00, 0xB8, 0x7F, 0x7F, 0x55, 0x01, 0x01, 0xD3, 0x87, 0x00, 0x1B,
    0x7F, 0x7F, 0x55, 0x01, 0x2B, 0xFE, 0x86, 0x00, 0x6E, 0x7F, 0x7F, 0x56, 0x00, 0x57, 0x86, 0x00,
    0xC0, 0x7F, 0x7F, 0x57, 0x00, 0x87, 0x86, 0x00, 0x20, 0x7F, 0x7F, 0x57, 0x00, 0xB9, 0x85, 0x00,
    0x6F, 0x7F, 0x7F, 0x57, 0x01, 0x17, 0xEE, 0x84, 0x00, 0xBE, 0x7F, 0x7F, 0x58, 0x00, 0x4E, 0x85,
    0x00, 0x19, 0x7F, 0x7F, 0x58, 0x00, 0x89, 0x84, 0x00, 0x66, 0x7F, 0x7F, 0x59, 0x00, 0xC7, 0x83,
    0x00, 0xB1, 0x7F, 0x7F, 0x59, 0x00, 0x2D, 0x83, 0x01, 0xFC, 0x08, 0x7F, 0x7F, 0x59, 0x00, 0x71,
    0x83, 0x00, 0x51, 0x7F, 0x7F, 0x5A, 0x00, 0xB9, 0x82, 0x00, 0x99, 0x7F, 0x7F, 0x5A, 0x00, 0x25,
    0x82, 0x00, 0xE0, 0x7F, 0x7F, 0x5B, 0x00, 0x74, 0x82, 0x00, 0x31, 0x7F, 0x7F, 0x5B, 0x03, 0xC7,
    0xFF, 0xFF, 0x76, 0x7F, 0x7F, 0x5B, 0x03, 0x3C, 0xFF, 0xFF, 0xBA, 0x7F, 0x7F, 0x5C, 0x03, 0x97,
    0xFF, 0xFD, 0x06, 0x7F, 0x7F, 0x5B, 0x03, 0x12, 0xF7, 0xFF, 0x48, 0x7F, 0x7F, 0x5C, 0x02, 0x76,
    0xFF, 0x89, 0x7F, 0x7F, 0x5D, 0x01, 0xDF, 0xC8, 0x7F, 0x7F, 0x5D, 0x02, 0x65, 0xFF, 0x0F, 0x7F,
    0x7F, 0x5D, 0x01, 0xD9, 0x4C, 0x7F, 0x7F, 0x5D, 0x01, 0x68, 0x89, 0x7F, 0x7F, 0x5E, 0x00, 0xC4,
    0x7F, 0x7F, 0x5E, 0x01, 0x81, 0x05, 0x7F, 0x7F, 0x5D, 0x01, 0x1F, 0x3E, 0x7F, 0x7F, 0x5E, 0x00,
    0x76, 0x7F, 0x7F, 0x5E, 0x00, 0x64, 0x7F, 0x7F, 0x5E, 0x00, 0x1D, 0x7F, 0x7F, 0x7F, 0x7F, 0x7F,
    0x7F, 0x7F, 0x7F, 0x7F, 0x7F, 0x7F, 0x7F, 0x7F, 0x7F, 0x7F, 0x7F, 0x7F, 0x7F, 0x7F, 0x7F, 0x7F,
    0x7F, 0x7F, 0x7F, 0x7F, 0x7F, 0x7F, 0x7F, 0x7F, 0x7F, 0x7F, 0x7F, 0x7F, 0x7F, 0x7F, 0x7F, 0x7F,
    0x7F, 0x7F, 0x7F, 0x7F, 0x7F, 0x7F, 0x7F, 0x7F, 0x7F, 0x7F, 0x72, 0x02, 0x1A, 0x89, 0x27, 0x7F,
    0x7F, 0x5E, 0x02, 0x2B, 0xB0, 0x4C, 0x7F, 0x7F, 0x5E, 0x03, 0x63, 0xD2, 0x6C, 0x05, 0x7F, 0x7F,
    0x5C, 0x04, 0x1F, 0xB6, 0xEE, 0x86, 0x1D, 0x7F, 0x7F, 0x5C, 0x04, 0x80, 0xFF, 0xFF, 0x9B, 0x30,
    0x7F, 0x7F, 0x5B, 0x05, 0x50, 0xF4, 0xFF, 0xFF, 0xAA, 0x3D, 0x7F, 0x7F, 0x5A, 0x01, 0x28, 0xD0,
    0x82, 0x01, 0xB4, 0x45, 0x7F, 0x7F, 0x59, 0x01, 0x05, 0xB1, 0x83, 0x01, 0xB9, 0x47, 0x7F, 0x7F,
    0x59, 0x00, 0x98, 0x84, 0x01, 0xB8, 0x44, 0x7F, 0x7F, 0x58, 0x00, 0x84, 0x85, 0x01, 0xB1, 0x3B,
    0x7F, 0x7F, 0x57, 0x00, 0x75, 0x86, 0x01, 0xA5, 0x2D, 0x7F, 0x7F, 0x56, 0x00, 0x6A, 0x87, 0x01,
    0x93, 0x19, 0x7F, 0x7F, 0x55, 0x00, 0x64, 0x87, 0x01, 0xF8, 0x7C, 0x7F, 0x7F, 0x55, 0x00, 0x62,
    0x88, 0x01, 0xDE, 0x60, 0x7F, 0x7F, 0x54, 0x00, 0x64, 0x89, 0x01, 0xBE, 0x3E, 0x7F, 0x7F, 0x53,
    0x00, 0x6A, 0x8A, 0x01, 0x99, 0x17, 0x7F, 0x7F, 0x52, 0x00, 0x73, 0x8A, 0x01, 0xF2, 0x6E, 0x7F,
    0x7F, 0x52, 0x00, 0x80, 0x8B, 0x01, 0xC4, 0x3E, 0x7F, 0x7F, 0x51, 0x00, 0x90, 0x8C, 0x01, 0x90,
    0x09, 0x7F, 0x7F, 0x50, 0x00, 0xA3, 0x8C, 0x01, 0xE0, 0x57, 0x7F, 0x7F, 0x50, 0x00, 0xB9, 0x8D,
    0x01, 0xA4, 0x19, 0x7F, 0x7F, 0x4E, 0x01, 0x07, 0xD2, 0x8D, 0x01, 0xEE, 0x62, 0x7F, 0x7F, 0x4E,
    0x01, 0x21, 0xED, 0x8E, 0x01, 0xA9, 0x1B, 0x7F, 0x7F, 0x4D, 0x00, 0x3D, 0x8F, 0x01, 0xEE, 0x5F,
    0x7F, 0x7F, 0x4D, 0x00, 0x5C, 0x90, 0x01, 0xA1, 0x0F, 0x7F, 0x7F, 0x4C, 0x00, 0x7D, 0x90, 0x01,
    0xE0, 0x4D, 0x7F, 0x7F, 0x4C, 0x00, 0xA1, 0x91, 0x00, 0x8A, 0x7F, 0x7F, 0x4C, 0x00, 0xC6, 0x91,
    0x01, 0xC4, 0x2E, 0x7F, 0x7F, 0x4A, 0x01, 0x1C, 0xED, 0x91, 0x01, 0xFC, 0x64, 0x7F, 0x7F, 0x4A,
    0x00, 0x44, 0x93, 0x00, 0x99, 0x7F, 0x7F, 0x4A, 0x00, 0x6D, 0x93, 0x01, 0xCB, 0x31, 0x7F, 0x7F,
    0x49, 0x00, 0x99, 0x93, 0x01, 0xFC, 0x60, 0x7F, 0x7F, 0x49, 0x00, 0xC6, 0x94, 0x00, 0x8D, 0x7F,
    0x7F, 0x48, 0x01, 0x20, 0xF4, 0x94, 0x01, 0xB8, 0x19, 0x7F, 0x7F, 0x47, 0x00, 0x4F, 0x95, 0x01,
    0xE0, 0x40, 0x7F, 0x7F, 0x47, 0x00, 0x7F, 0x96, 0x00, 0x66, 0x7F, 0x7F, 0x47, 0x00, 0xB0, 0x96,
    0x00, 0x89, 0x7F, 0x7F, 0x46, 0x01, 0x0E, 0xE2, 0x96, 0x01, 0xA9, 0x05, 0x7F, 0x7F, 0x45, 0x00,
    0x40, 0x97, 0x01, 0xC8, 0x23, 0x7F, 0x7F, 0x45, 0x00, 0x74, 0x97, 0x01, 0xE5, 0x3E, 0x7F, 0x7F,
    0x45, 0x00, 0xA9, 0x98, 0x00, 0x57, 0x7F, 0x7F, 0x44, 0x01, 0x08, 0xDE, 0x98, 0x00, 0x6E, 0x7F,
    0x7F, 0x44, 0x00, 0x3E, 0x99, 0x00, 0x83, 0x7F, 0x7F, 0x44, 0x00, 0x74, 0x99, 0x00, 0x96, 0x7F,
    0x7F, 0x44, 0x00, 0xAA, 0x99, 0x00, 0xA6, 0x7F, 0x7F, 0x43, 0x01, 0x0C, 0xE1, 0x99, 0x01, 0xB4,
    0x06, 0x7F, 0x7F, 0x42, 0x00, 0x43, 0x9A, 0x01, 0xC0, 0x11, 0x7F, 0x7F, 0x42, 0x00, 0x7A, 0x9A,
    0x01, 0xCA, 0x1A, 0x7F, 0x7F, 0x42, 0x00, 0xB2, 0x9A, 0x01, 0xD2, 0x21, 0x7F, 0x7F, 0x03, 0x00,
    0x00, 0x15, 0xE9, 0x9A, 0x01, 0xD7, 0x25, 0x7F, 0x7F, 0x02, 0x00, 0x00, 0x4D, 0x9B, 0x01, 0xDB,
    0x27, 0x7F, 0x7F, 0x02, 0x00, 0x00, 0x84, 0x9B, 0x01, 0xDC, 0x27, 0x7F, 0x7F, 0x02, 0x00, 0x00,
    0xBB, 0x9B, 0x01, 0xDB, 0x25, 0x7F, 0x7F, 0x02, 0x00, 0x1F, 0xF2, 0x9B, 0x01, 0xD7, 0x21, 0x7F,
    0x7F, 0x01, 0x00, 0x56, 0x9C, 0x01, 0xD2, 0x1A, 0x7F, 0x7F, 0x01, 0x00, 0x8D, 0x9C, 0x01, 0xCA,
    0x11, 0x7F, 0x7F, 0x01, 0x00, 0xC3, 0x9C, 0x01, 0xC0, 0x06, 0x7F, 0x7F, 0x01, 0x28, 0xF9, 0x9C,
    0x00, 0xB4, 0x7F, 0x7F, 0x01, 0x00, 0x5D, 0x9D, 0x00, 0xA6, 0x7F, 0x7F, 0x01, 0x00, 0x92, 0x9D,
    0x00, 0x96, 0x7F, 0x7F, 0x01, 0x00, 0xC6, 0x9D, 0x00, 0x83, 0x7F, 0x7F, 0x01, 0x2B, 0xFA, 0x9D,
    0x00, 0x6E, 0x7F, 0x7F, 0x00, 0x5E, 0x9E, 0x00, 0x57, 0x7F, 0x7F, 0x00, 0x91, 0x9E, 0x00, 0x3E,
    0x7F, 0x7F, 0x00, 0xC2, 0x9D, 0x01, 0xE5, 0x23, 0x7F, 0x7E, 0x01, 0x26, 0xF3, 0x9D, 0x01, 0xC8,
    0x05, 0x7F, 0x7E, 0x00, 0x57, 0x9E, 0x00, 0xA9, 0x7F, 0x7F, 0x00, 0x86, 0x9E, 0x00, 0x89, 0x7F,
    0x7F, 0x00, 0xB5, 0x9E, 0x00, 0x66, 0x7F, 0x7E, 0x01, 0x17, 0xE2, 0x9E, 0x00, 0x40, 0x7F, 0x7E,
    0x00, 0x44, 0x9E, 0x01, 0xE0, 0x19, 0x7F, 0x7E, 0x00, 0x70, 0x9E, 0x00, 0xB8, 0x7F, 0x7F, 0x00,
    0x9B, 0x9E, 0x00, 0x8D, 0x7F, 0x7F, 0x00, 0xC4, 0x9E, 0x00, 0x60, 0x7F, 0x7E, 0x01, 0x25, 0xED,
    0x9D, 0x01, 0xFC, 0x31, 0x7F, 0x7E, 0x00, 0x4D, 0x9E, 0x00, 0xCB, 0x7F, 0x7F, 0x00, 0x74, 0x9E,
    0x00, 0x99, 0x7F, 0x7F, 0x00, 0x99, 0x9E, 0x00, 0x64, 0x7F, 0x7F, 0x00, 0xBD, 0x9D, 0x01, 0xFC,
    0x2E, 0x7F, 0x7E, 0x01, 0x1B, 0xE0, 0x9D, 0x00, 0xC4, 0x7F, 0x7F, 0x00, 0x3E, 0x9E, 0x00, 0x8A,
    0x7F, 0x7F, 0x00, 0x5F, 0x9E, 0x00, 0x4D, 0x7F, 0x7F, 0x00, 0x7F, 0x9D, 0x01, 0xE0, 0x0F, 0x7F,
    0x7F, 0x00, 0x9D, 0x9D, 0x00, 0xA1, 0x7F, 0x7F, 0x01, 0x00, 0xBA, 0x9D, 0x00, 0x5F, 0x7F, 0x7F,
    0x01, 0x15, 0xD7, 0x9C, 0x01, 0xEE, 0x1B, 0x7F, 0x7F, 0x01, 0x30, 0xF2, 0x9C, 0x00, 0xA9, 0x7F,
    0x7F, 0x01, 0x00, 0x4B, 0x9D, 0x00, 0x62, 0x7F, 0x7F, 0x01, 0x00, 0x64, 0x9C, 0x01, 0xEE, 0x19,
    0x7F, 0x7F, 0x01, 0x00, 0x7B, 0x9C, 0x00, 0xA4, 0x7F, 0x7F, 0x02, 0x00, 0x00, 0x92, 0x9C, 0x00,
    0x57, 0x7F, 0x7F, 0x02, 0x00, 0x00, 0xA8, 0x9B, 0x01, 0xE0, 0x09, 0x7F, 0x7F, 0x02, 0x00, 0x00,
    0xBC, 0x9B, 0x00, 0x90, 0x7F, 0x7F, 0x03, 0x00, 0x00, 0x11, 0xD0, 0x9B, 0x00, 0x3E, 0x7F, 0x7F,
    0x03, 0x00, 0x00, 0x24, 0xE3, 0x9A, 0x00, 0xC4, 0x7F, 0x7F, 0x42, 0x01, 0x36, 0xF4, 0x9A, 0x00,
    0x6E, 0x7F, 0x7F, 0x42, 0x00, 0x47, 0x9A, 0x01, 0xF2, 0x17, 0x7F, 0x7F, 0x42, 0x00, 0x57, 0x9A,
    0x00, 0x99, 0x7F, 0x7F, 0x43, 0x00, 0x66, 0x9A, 0x00, 0x3E, 0x7F, 0x7F, 0x43, 0x00, 0x75, 0x99,
    0x00, 0xBE, 0x7F, 0x7F, 0x44, 0x00, 0x82, 0x99, 0x00, 0x60, 0x7F, 0x7F, 0x44, 0x00, 0x8F, 0x98,
    0x00, 0xDE, 0x7F, 0x7F, 0x45, 0x00, 0x9C, 0x98, 0x00, 0x7C, 0x7F, 0x7F, 0x45, 0x00, 0xA7, 0x97,
    0x01, 0xF8, 0x19, 0x7F, 0x7F, 0x45, 0x00, 0xB3, 0x97, 0x00, 0x93, 0x7F, 0x7F, 0x46, 0x00, 0xBD,
    0x97, 0x00, 0x2D, 0x7F, 0x7F, 0x45, 0x01, 0x0A, 0xC8, 0x96, 0x00, 0xA5, 0x7F, 0x7F, 0x46, 0x01,
    0x14, 0xD2, 0x96, 0x00, 0x3B, 0x7F, 0x7F, 0x46, 0x01, 0x1E, 0xDC, 0x95, 0x00, 0xB1, 0x7F, 0x7F,
    0x47, 0x01, 0x27, 0xE6, 0x95, 0x00, 0x44, 0x7F, 0x7F, 0x47, 0x01, 0x31, 0xEF, 0x94, 0x00, 0xB8,
    0x7F, 0x7F, 0x48, 0x01, 0x3A, 0xF9, 0x94, 0x00, 0x47, 0x7F, 0x7F, 0x48, 0x00, 0x43, 0x94, 0x00,
    0xB9, 0x7F, 0x7F, 0x49, 0x00, 0x4D, 0x94, 0x00, 0x45, 0x7F, 0x7F, 0x49, 0x00, 0x56, 0x93, 0x00,
    0xB4, 0x7F, 0x7F, 0x4A, 0x00, 0x60, 0x93, 0x00, 0x3D, 0x7F, 0x7F, 0x4A, 0x00, 0x6A, 0x92, 0x00,
    0xAA, 0x7F, 0x7F, 0x4B, 0x00, 0x74, 0x92, 0x00, 0x30, 0x7F, 0x7F, 0x4B, 0x00, 0x7F, 0x91, 0x00,
    0x9B, 0x7F, 0x7F, 0x4C, 0x00, 0x8B, 0x91, 0x00, 0x1D, 0x7F, 0x7F, 0x4C, 0x00, 0x97, 0x90, 0x00,
    0x86, 0x7F, 0x7F, 0x4D, 0x00, 0xA4, 0x8F, 0x01, 0xEE, 0x05, 0x7F, 0x7F, 0x4D, 0x00, 0xB2, 0x8F,
    0x00, 0x6C, 0x7F, 0x7F, 0x4E, 0x00, 0xC1, 0x8E, 0x00, 0xD2, 0x7F, 0x7F, 0x4E, 0x01, 0x0B, 0xD1,
    0x8E, 0x00, 0x4C, 0x7F, 0x7F, 0x4E, 0x01, 0x1C, 0xE2, 0x8D, 0x00, 0xB0, 0x7F, 0x7F, 0x4F, 0x01,
    0x2D, 0xF4, 0x8D, 0x00, 0x27, 0x7F, 0x7F, 0x4F, 0x00, 0x40, 0x8D, 0x00, 0x89, 0x7F, 0x7F, 0x50,
    0x00, 0x53, 0x8C, 0x00, 0xE9, 0x7F, 0x7F, 0x51, 0x00, 0x69, 0x8C, 0x00, 0x5C, 0x7F, 0x7F, 0x51,
    0x00, 0x80, 0x8B, 0x00, 0xBA, 0x7F, 0x7F, 0x52, 0x00, 0x98, 0x8B, 0x00, 0x29, 0x7F, 0x7F, 0x52,
    0x00, 0xB3, 0x8A, 0x00, 0x85, 0x7F, 0x7F, 0x52, 0x01, 0x03, 0xCF, 0x89, 0x00, 0xE0, 0x7F, 0x7F,
    0x53, 0x01, 0x20, 0xED, 0x89, 0x00, 0x4B, 0x7F, 0x7F, 0x53, 0x00, 0x3F, 0x89, 0x00, 0xA4, 0x7F,
    0x7F, 0x54, 0x00, 0x61, 0x88, 0x01, 0xFC, 0x0C, 0x7F, 0x7F, 0x54, 0x00, 0x84, 0x88, 0x00, 0x62,
    0x7F, 0x7F, 0x55, 0x00, 0xAA, 0x87, 0x00, 0xB8, 0x7F, 0x7F, 0x55, 0x01, 0x01, 0xD3, 0x87, 0x00,
    0x1B, 0x7F, 0x7F, 0x55, 0x01, 0x2B, 0xFE, 0x86, 0x00, 0x6E, 0x7F, 0x7F, 0x56, 0x00, 0x57, 0x86,
    0x00, 0xC0, 0x7F, 0x7F, 0x57, 0x00, 0x87, 0x86, 0x00, 0x20, 0x7F, 0x7F, 0x57, 0x00, 0xB9, 0x85,
    0x00, 0x6F, 0x7F, 0x7F, 0x57, 0x01, 0x17, 0xEE, 0x84, 0x00, 0xBE, 0x7F, 0x7F, 0x58, 0x00, 0x4E,
    0x85, 0x00, 0x19, 0x7F, 0x7F, 0x58, 0x00, 0x89, 0x84, 0x00, 0x66, 0x7F, 0x7F, 0x59, 0x00, 0xC7,
    0x83, 0x00, 0xB1, 0x7F, 0x7F, 0x59, 0x00, 0x2D, 0x83, 0x01, 0xFC, 0x08, 0x7F, 0x7F, 0x59, 0x00,
    0x71, 0x83, 0x00, 0x51, 0x7F, 0x7F, 0x5A, 0x00, 0xB9, 0x82, 0x00, 0x99, 0x7F, 0x7F, 0x5A, 0x00,
    0x25, 0x82, 0x00, 0xE0, 0x7F, 0x7F, 0x5B, 0x00, 0x74, 0x82, 0x00, 0x31, 0x7F, 0x7F, 0x5B, 0x03,
    0xC7, 0xFF, 0xFF, 0x76, 0x7F, 0x7F, 0x5B, 0x03, 0x3C, 0xFF, 0xFF, 0xBA, 0x7F, 0x7F, 0x5C, 0x03,
    0x97, 0xFF, 0xFD, 0x06, 0x7F, 0x7F, 0x5B, 0x03, 0x12, 0xF7, 0xFF, 0x48, 0x7F, 0x7F, 0x5C, 0x02,
    0x76, 0xFF, 0x89, 0x7F, 0x7F, 0x5D, 0x01, 0xDF, 0xC8, 0x7F, 0x7F, 0x5D, 0x02, 0x65, 0xFF, 0x0F,
    0x7F, 0x7F, 0x5D, 0x01, 0xD9, 0x4C, 0x7F, 0x7F, 0x5D, 0x01, 0x68, 0x89, 0x7F, 0x7F, 0x5E, 0x00,
    0xC4, 0x7F, 0x7F, 0x5E, 0x01, 0x81, 0x05, 0x7F, 0x7F, 0x5D, 0x01, 0x1F, 0x3E, 0x7F, 0x7F, 0x5E,
    0x00, 0x76, 0x7F, 0x7F, 0x5E, 0x00, 0x64, 0x7F, 0x7F, 0x5E, 0x00, 0x1D, 0x7F, 0x7F, 0x7F, 0x7F,
    0x7F, 0x7F, 0x7F, 0x7F, 0x7F, 0x7F, 0x7F, 0x7F, 0x7F, 0x7F, 0x7F, 0x7F, 0x7F, 0x7F, 0x7F, 0x7F,
    0x7F, 0x7F, 0x7F, 0x7F, 0x7F, 0x7F, 0x7F, 0x7F, 0x7F, 0x7F, 0x7F, 0x7F, 0x7F, 0x7F, 0x7F, 0x7F,
    0x7F, 0x7F, 0x7F, 0x7F, 0x7F, 0x7F, 0x7F, 0x7F, 0x7F, 0x7F, 0x7F, 0x7F, 0x7F, 0x7F, 0x7F, 0x7F,
    0x7F, 0x7F, 0x7F, 0x7F, 0x7F, 0x7F, 0x7F, 0x7F, 0x7F, 0x7F, 0x7F, 0x7F, 0x7F, 0x7F, 0x7F, 0x7F,
    0x7F, 0x7F, 0x7F, 0x7F, 0x7F, 0x7F, 0x7F, 0x7F, 0x7F, 0x7F, 0x7F, 0x7F, 0x7F, 0x7F, 0x7F, 0x7F,
    0x7F, 0x7F, 0x7F, 0x7F, 0x7F, 0x7F, 0x7F, 0x7F, 0x7F, 0x7F, 0x7F, 0x7F, 0x7F, 0x7F, 0x7F, 0x7F,
    0x7F, 0x7F, 0x7F, 0x7F, 0x7F, 0x7F, 0x7F, 0x7F, 0x7F, 0x7F, 0x7F, 0x7F, 0x7F, 0x7F, 0x7F, 0x7F,
    0x7F, 0x7F, 0x7F, 0x7F, 0x7F, 0x7F, 0x7F, 0x7F, 0x7F, 0x7F, 0x7F, 0x7F, 0x7F, 0x7F, 0x7F, 0x7F,
    0x7F, 0x7F, 0x7F, 0x7F, 0x7F, 0x7F, 0x7F, 0x7F, 0x7F, 0x7F, 0x7F, 0x7F, 0x7F, 0x7F, 0x7F, 0x7F,
    0x7F, 0x7F, 0x7F, 0x7F, 0x7F, 0x7F, 0x7F, 0x7F, 0x7F, 0x7F, 0x7F, 0x7F, 0x7F, 0x7F, 0x7F, 0x7F,
    0x7F, 0x7F, 0x7F, 0x7F, 0x7F, 0x7F, 0x7F, 0x7F, 0x7F, 0x7F, 0x7F, 0x7F, 0x7F, 0x7F, 0x7F, 0x7F,
    0x7F, 0x7F, 0x7F, 0x7F, 0x7F, 0x7F, 0x7F, 0x7F, 0x7F, 0x7F, 0x7F, 0x7F, 0x7F, 0x7F, 0x7F, 0x7F,
    0x7F, 0x7F, 0x7F, 0x7F, 0x7F, 0x7F, 0x7F, 0x7F, 0x7F, 0x7F, 0x7F, 0x7F, 0x7F, 0x7F, 0x7F, 0x7F,
    0x7F, 0x7F, 0x7F, 0x7F, 0x7F, 0x7F, 0x7F, 0x7F, 0x7F, 0x7F, 0x7F, 0x7F, 0x7F, 0x7F, 0x7F, 0x7F,
    0x7F, 0x7F, 0x7F, 0x7F, 0x7F, 0x7F, 0x54, 0x03, 0x96, 0x7C, 0x46, 0x1C, 0x7F, 0x7F, 0x57, 0x00,
    0xA6, 0x83, 0x03, 0xF4, 0xC0, 0x83, 0x3A, 0x7F, 0x7F, 0x52, 0x00, 0xB4, 0x86, 0x01, 0xE9, 0x73,
    0x7F, 0x7F, 0x50, 0x01, 0x06, 0xC0, 0x87, 0x01, 0xBC, 0x11, 0x7F, 0x7F, 0x4F, 0x01, 0x11, 0xCA,
    0x87, 0x00, 0xBC, 0x7F, 0x7F, 0x50, 0x01, 0x1A, 0xD2, 0x87, 0x00, 0x73, 0x7F, 0x7F, 0x50, 0x01,
    0x21, 0xD7, 0x86, 0x00, 0xE9, 0x7F, 0x7F, 0x51, 0x01, 0x25, 0xDB, 0x86, 0x00, 0x3A, 0x7F, 0x7F,
    0x51, 0x01, 0x27, 0xDC, 0x85, 0x00, 0x83, 0x7F, 0x7F, 0x52, 0x01, 0x27, 0xDB, 0x84, 0x00, 0xC0,
    0x7F, 0x7F, 0x53, 0x01, 0x25, 0xD7, 0x83, 0x00, 0xF4, 0x7F, 0x7F, 0x54, 0x01, 0x21, 0xD2, 0x83,
    0x7F, 0x7F, 0x55, 0x01, 0x1A, 0xCA, 0x82, 0x7F, 0x7F, 0x56, 0x04, 0x11, 0xC0, 0xFF, 0xFF, 0x1C,
    0x7F, 0x7F, 0x56, 0x03, 0x06, 0xB4, 0xFF, 0x46, 0x7F, 0x7F, 0x58, 0x01, 0xA6, 0x7C, 0x7F, 0x7F,
    0x59, 0x00, 0x96, 0x7F, 0x7F, 0x7F, 0x7F, 0x7F, 0x7F, 0x7F, 0x7F, 0x7F, 0x7F, 0x7F, 0x7F, 0x7F,
    0x7F, 0x7F, 0x7F, 0x7F, 0x7F, 0x7F, 0x7F, 0x7F, 0x7F, 0x7F, 0x7F, 0x7F, 0x7F, 0x7F, 0x7F, 0x7F,
    0x7F, 0x7F, 0x7F, 0x7F, 0x7F, 0x7F, 0x7F, 0x7F, 0x7F, 0x7F, 0x7F, 0x7F, 0x7F, 0x7F, 0x7F, 0x7F,
    0x7F, 0x7F, 0x7F, 0x7F, 0x7F, 0x7F, 0x7F, 0x7F, 0x7F, 0x7F, 0x7F, 0x7F, 0x7F, 0x7F, 0x7F, 0x7F,
    0x7F, 0x7F, 0x7F, 0x7F, 0x7F, 0x7F, 0x7F, 0x7F, 0x7F, 0x7F, 0x7F, 0x7F, 0x7F, 0x7F, 0x7F, 0x7F,
    0x7F, 0x7F, 0x7F, 0x7F, 0x7F, 0x7F, 0x7F, 0x7F, 0x7F, 0x7F, 0x7F, 0x7F, 0x7F, 0x7F, 0x7F, 0x7F,
    0x7F, 0x7F, 0x7F, 0x7F, 0x7F, 0x7F, 0x7F, 0x7F, 0x7F, 0x7F, 0x7F, 0x7F, 0x7F, 0x7F, 0x7F, 0x7F,
    0x7F, 0x7F, 0x7F, 0x7F, 0x7F, 0x7F, 0x7F, 0x7F, 0x7F, 0x7F, 0x7F, 0x7F, 0x7F, 0x7F, 0x7F, 0x7F,
    0x7F, 0x7F, 0x7F, 0x7F, 0x7F, 0x7F, 0x7F, 0x7F, 0x7F, 0x7F, 0x7F, 0x7F, 0x7F, 0x7F, 0x7F, 0x7F,
    0x7F, 0x7F, 0x7F, 0x7F, 0x7F, 0x7F, 0x7F, 0x7F, 0x7F, 0x7F, 0x7F, 0x7F, 0x7F, 0x7F, 0x7F, 0x7F,
    0x7F, 0x7F, 0x7F, 0x7F, 0x7F, 0x7F, 0x7F, 0x7F, 0x7F, 0x7F, 0x7F, 0x7F, 0x7F, 0x7F, 0x7F, 0x7F,
    0x7F, 0x7F, 0x7F, 0x7F, 0x7F, 0x7F, 0x7F, 0x7F, 0x7F, 0x7F, 0x7F, 0x7F, 0x7F, 0x7F, 0x7F, 0x7F,
    0x7F, 0x7F, 0x7F, 0x7F, 0x7F, 0x7F, 0x7F, 0x7F, 0x7F, 0x7F, 0x7F, 0x7F, 0x7F, 0x7F, 0x7F, 0x7F,
    0x7F, 0x7F, 0x7F, 0x7F, 0x7F, 0x7F, 0x7F, 0x7F, 0x7F, 0x7F, 0x7F, 0x7F, 0x7F, 0x7F, 0x7F, 0x7F,
    0x7F, 0x7F, 0x7F, 0x7F, 0x7F, 0x7F, 0x7F, 0x7F, 0x7F, 0x7F, 0x7F, 0x7F, 0x7F, 0x7F, 0x7F, 0x7F,
    0x7F, 0x7F, 0x7F, 0x7F, 0x7F, 0x7F, 0x7F, 0x7F, 0x7F, 0x7F, 0x7F, 0x7F, 0x7F, 0x7F, 0x7F, 0x7F,
    0x7F, 0x7F, 0x7F, 0x7F, 0x7F, 0x7F, 0x7F, 0x7F, 0x7F, 0x7F, 0x7F, 0x7F, 0x7F, 0x7F, 0x7F, 0x7F,
    0x7F, 0x7F, 0x7F, 0x7F, 0x7F, 0x7F, 0x7F, 0x7F, 0x7F, 0x7F, 0x7F, 0x7F, 0x7F, 0x7F, 0x7F, 0x7F,
    0x7F, 0x7F, 0x7F, 0x7F, 0x7F, 0x7F, 0x7F, 0x7F, 0x7F, 0x7F, 0x7F, 0x7F, 0x7F, 0x7F, 0x7F, 0x7F,
    0x7F, 0x7F, 0x7F, 0x6D, 0x00, 0x74, 0x7F, 0x7F, 0x5A, 0x01, 0xA5, 0x19, 0x7F, 0x7F, 0x58, 0x03,
    0x19, 0xE0, 0x95, 0x20, 0x7F, 0x7F, 0x57, 0x04, 0x40, 0xFF, 0xFF, 0xBE, 0x55, 0x7F, 0x7F, 0x56,
    0x00, 0x66, 0x83, 0x01, 0xA1, 0x3F, 0x7F, 0x7F, 0x54, 0x00, 0x89, 0x84, 0x02, 0xF4, 0x93, 0x30,
    0x7F, 0x7F, 0x52, 0x00, 0xA9, 0x86, 0x02, 0xDF, 0x79, 0x12, 0x7F, 0x7F, 0x4F, 0x01, 0x05, 0xC8,
    0x88, 0x01, 0xAE, 0x40, 0x7F, 0x7F, 0x4E, 0x01, 0x23, 0xE5, 0x89, 0x01, 0xC9, 0x52, 0x7F, 0x7F,
    0x4D, 0x00, 0x3E, 0x8B, 0x01, 0xC4, 0x41, 0x7F, 0x7F, 0x4C, 0x00, 0x57, 0x8C, 0x01, 0x9A, 0x0B,
    0x7F, 0x7F, 0x4B, 0x00, 0x6E, 0x8C, 0x01, 0xE1, 0x48, 0x7F, 0x7F, 0x4B, 0x00, 0x83, 0x8D, 0x00,
    0x70, 0x7F, 0x7F, 0x4B, 0x00, 0x96, 0x8D, 0x00, 0x85, 0x7F, 0x7F, 0x4B, 0x00, 0xA6, 0x8D, 0x00,
    0x85, 0x7F, 0x7F, 0x4B, 0x00, 0xB4, 0x8D, 0x00, 0x70, 0x7F, 0x7F, 0x4A, 0x01, 0x06, 0xC0, 0x8D,
    0x00, 0x48, 0x7F, 0x7F, 0x4A, 0x01, 0x11, 0xCA, 0x8C, 0x01, 0xE1, 0x0B, 0x7F, 0x7F, 0x4A, 0x01,
    0x1A, 0xD2, 0x8C, 0x00, 0x9A, 0x7F, 0x7F, 0x4B, 0x01, 0x21, 0xD7, 0x8C, 0x00, 0x41, 0x7F, 0x7F,
    0x4B, 0x01, 0x25, 0xDB, 0x8B, 0x00, 0xC4, 0x7F, 0x7F, 0x4C, 0x01, 0x27, 0xDC, 0x8B, 0x00, 0x52,
    0x7F, 0x7F, 0x4C, 0x01, 0x27, 0xDB, 0x8A, 0x00, 0xC9, 0x7F, 0x7F, 0x4D, 0x01, 0x25, 0xD7, 0x8A,
    0x00, 0x40, 0x7F, 0x7F, 0x4D, 0x01, 0x21, 0xD2, 0x89, 0x00, 0xAE, 0x7F, 0x7F, 0x4E, 0x01, 0x1A,
    0xCA, 0x89, 0x00, 0x12, 0x7F, 0x7F, 0x4E, 0x01, 0x11, 0xC0, 0x88, 0x00, 0x79, 0x7F, 0x7F, 0x4F,
    0x01, 0x06, 0xB4, 0x87, 0x00, 0xDF, 0x7F, 0x7F, 0x51, 0x00, 0xA6, 0x87, 0x00, 0x30, 0x7F, 0x7F,
    0x51, 0x00, 0x96, 0x86, 0x00, 0x92, 0x7F, 0x7F, 0x52, 0x00, 0x83, 0x85, 0x00, 0xF4, 0x7F, 0x7F,
    0x53, 0x00, 0x6E, 0x85, 0x00, 0x3F, 0x7F, 0x7F, 0x53, 0x00, 0x57, 0x84, 0x00, 0xA1, 0x7F, 0x7F,
    0x54, 0x01, 0x3E, 0xE5, 0x83, 0x7F, 0x7F, 0x55, 0x01, 0x23, 0xC8, 0x82, 0x00, 0x55, 0x7F, 0x7F,
    0x55, 0x04, 0x05, 0xA9, 0xFF, 0xFF, 0xBE, 0x7F, 0x7F, 0x57, 0x03, 0x89, 0xFF, 0xFF, 0x20, 0x7F,
    0x7F, 0x57, 0x02, 0x66, 0xFF, 0x95, 0x7F, 0x7F, 0x58, 0x02, 0x40, 0xE0, 0x19, 0x7F, 0x7F, 0x58,
    0x01, 0x19, 0xA5, 0x7F, 0x7F, 0x5A, 0x00, 0x74, 0x7F, 0x7F, 0x7F, 0x7F, 0x7F, 0x7F, 0x7F, 0x7F,
    0x7F, 0x7F, 0x7F, 0x7F, 0x7F, 0x7F, 0x7F, 0x7F, 0x7F, 0x7F, 0x7F, 0x7F, 0x7F, 0x7F, 0x7F, 0x7F,
    0x7F, 0x7F, 0x7F, 0x7F, 0x7F, 0x7F, 0x7F, 0x7F, 0x7F, 0x7F, 0x7F, 0x7F, 0x7F, 0x7F, 0x7F, 0x7F,
    0x7F, 0x7F, 0x7F, 0x7F, 0x7F, 0x7F, 0x7F, 0x7F, 0x7F, 0x7F, 0x7F, 0x7F, 0x7F, 0x7F, 0x7F, 0x7F,
    0x7F, 0x7F, 0x7F, 0x7F, 0x7F, 0x7F, 0x7F, 0x7F, 0x7F, 0x7F, 0x7F, 0x7F, 0x7F, 0x7F, 0x7F, 0x7F,
    0x7F, 0x7F, 0x7F, 0x7F, 0x7F, 0x7F, 0x7F, 0x7F, 0x7F, 0x7F, 0x7F, 0x7F, 0x7F, 0x7F, 0x7F, 0x7F,
    0x7F, 0x7F, 0x7F, 0x7F, 0x7F, 0x7F, 0x7F, 0x7F, 0x7F, 0x7F, 0x7F, 0x7F, 0x7F, 0x7F, 0x7F, 0x7F,
    0x7F, 0x7F, 0x7F, 0x7F, 0x7F, 0x7F, 0x7F, 0x7F, 0x7F, 0x7F, 0x7F, 0x7F, 0x7F, 0x7F, 0x7F, 0x7F,
    0x7F, 0x7F, 0x7F, 0x7F, 0x7F, 0x7F, 0x7F, 0x7F, 0x7F, 0x7F, 0x7F, 0x7F, 0x7F, 0x7F, 0x7F, 0x7F,
    0x7F, 0x7F, 0x7F, 0x7F, 0x7F, 0x7F, 0x7F, 0x7F, 0x7F, 0x7F, 0x7F, 0x7F, 0x7F, 0x7F, 0x7F, 0x7F,
    0x7F, 0x7F, 0x7F, 0x7F, 0x7F, 0x7F, 0x7F, 0x7F, 0x7F, 0x7F, 0x7F, 0x7F, 0x7F, 0x7F, 0x7F, 0x7F,
    0x7F, 0x7F, 0x7F, 0x7F, 0x7F, 0x7F, 0x7F, 0x7F, 0x7F, 0x7F, 0x7F, 0x7F, 0x7F, 0x7F, 0x7F, 0x7F,
    0x7F, 0x7F, 0x7F, 0x7F, 0x7F, 0x7F, 0x7F, 0x7F, 0x7F, 0x7F, 0x7F, 0x7F, 0x7F, 0x7F, 0x7F, 0x7F,
    0x7F, 0x7F, 0x7F, 0x7F, 0x7F, 0x7F, 0x7F, 0x7F, 0x7F, 0x7F, 0x7F, 0x7F, 0x7F, 0x7F, 0x7F, 0x7F,
    0x7F, 0x7F, 0x7F, 0x7F, 0x7F, 0x7F, 0x7F, 0x7F, 0x7F, 0x7F, 0x7F, 0x7F, 0x7F, 0x7F, 0x7F, 0x7F,
    0x7F, 0x7F, 0x7F, 0x7F, 0x7F, 0x7F, 0x7B, 0x01, 0x19, 0x30, 0x7F, 0x7F, 0x59, 0x01, 0x62, 0x39,
    0x7F, 0x7F, 0x59, 0x01, 0xA9, 0x5E, 0x7F, 0x7F, 0x58, 0x02, 0x1B, 0xEE, 0x96, 0x7F, 0x7F, 0x58,
    0x03, 0x5F, 0xFF, 0xDE, 0x47, 0x7F, 0x7F, 0x57, 0x04, 0xA1, 0xFF, 0xFF, 0x9F, 0x0F, 0x7F, 0x7F,
    0x55, 0x01, 0x0F, 0xE0, 0x82, 0x00, 0x73, 0x7F, 0x7F, 0x55, 0x00, 0x4D, 0x83, 0x01, 0xDD, 0x55,
    0x7F, 0x7F, 0x54, 0x00, 0x8A, 0x84, 0x01, 0xC6, 0x40, 0x7F, 0x7F, 0x53, 0x00, 0xC4, 0x85, 0x01,
    0xB5, 0x32, 0x7F, 0x7F, 0x51, 0x01, 0x2E, 0xFC, 0x86, 0x01, 0xA8, 0x26, 0x7F, 0x7F, 0x50, 0x00,
    0x64, 0x88, 0x01, 0x9D, 0x1B, 0x7F, 0x7F, 0x4F, 0x00, 0x99, 0x89, 0x01, 0x90, 0x0E, 0x7F, 0x7F,
    0x4E, 0x00, 0xCB, 0x8A, 0x00, 0x7F, 0x7F, 0x7F, 0x4D, 0x01, 0x31, 0xFC, 0x8A, 0x01, 0xED, 0x68,
    0x7F, 0x7F, 0x4C, 0x00, 0x60, 0x8C, 0x01, 0xD0, 0x49, 0x7F, 0x7F, 0x4B, 0x00, 0x8D, 0x8D, 0x01,
    0xAA, 0x20, 0x7F, 0x7F, 0x4A, 0x00, 0xB8, 0x8E, 0x00, 0x79, 0x7F, 0x7F, 0x49, 0x01, 0x19, 0xE0,
    0x8E, 0x01, 0xCC, 0x3C, 0x7F, 0x7F, 0x48, 0x00, 0x40, 0x90, 0x00, 0x85, 0x7F, 0x7F, 0x48, 0x00,
    0x66, 0x90, 0x01, 0xC6, 0x2E, 0x7F, 0x7F, 0x47, 0x00, 0x89, 0x91, 0x00, 0x65, 0x7F, 0x7F, 0x47,
    0x00, 0xA9, 0x91, 0x00, 0x93, 0x7F, 0x7F, 0x46, 0x01, 0x05, 0xC8, 0x91, 0x01, 0xB9, 0x15, 0x7F,
    0x7F, 0x45, 0x01, 0x23, 0xE5, 0x91, 0x01, 0xD7, 0x2F, 0x7F, 0x7F, 0x45, 0x00, 0x3E, 0x92, 0x01,
    0xED, 0x40, 0x7F, 0x7F, 0x45, 0x00, 0x57, 0x92, 0x01, 0xFA, 0x49, 0x7F, 0x7F, 0x45, 0x00, 0x6E,
    0x92, 0x01, 0xFE, 0x49, 0x7F, 0x7F, 0x45, 0x00, 0x83, 0x92, 0x01, 0xFA, 0x40, 0x7F, 0x7F, 0x45,
    0x00, 0x96, 0x92, 0x01, 0xED, 0x2F, 0x7F, 0x7F, 0x45, 0x00, 0xA6, 0x92, 0x01, 0xD7, 0x15, 0x7F,
    0x7F, 0x45, 0x00, 0xB4, 0x92, 0x00, 0xB9, 0x7F, 0x7F, 0x45, 0x01, 0x06, 0xC0, 0x92, 0x00, 0x93,
    0x7F, 0x7F, 0x45, 0x01, 0x11, 0xCA, 0x92, 0x00, 0x65, 0x7F, 0x7F, 0x45, 0x01, 0x1A, 0xD2, 0x92,
    0x00, 0x2E, 0x7F, 0x7F, 0x45, 0x01, 0x21, 0xD7, 0x91, 0x00, 0xC6, 0x7F, 0x7F, 0x46, 0x01, 0x25,
    0xDB, 0x91, 0x00, 0x85, 0x7F, 0x7F, 0x46, 0x01, 0x27, 0xDC, 0x91, 0x00, 0x3C, 0x7F, 0x7F, 0x46,
    0x01, 0x27, 0xDB, 0x90, 0x00, 0xCC, 0x7F, 0x7F, 0x47, 0x01, 0x25, 0xD7, 0x90, 0x00, 0x79, 0x7F,
    0x7F, 0x47, 0x01, 0x21, 0xD2, 0x90, 0x00, 0x20, 0x7F, 0x7F, 0x47, 0x01, 0x1A, 0xCA, 0x8F, 0x00,
    0xAA, 0x7F, 0x7F, 0x48, 0x01, 0x11, 0xC0, 0x8F, 0x00, 0x49, 0x7F, 0x7F, 0x48, 0x01, 0x06, 0xB4,
    0x8E, 0x00, 0xD0, 0x7F, 0x7F, 0x4A, 0x00, 0xA6, 0x8E, 0x00, 0x68, 0x7F, 0x7F, 0x4A, 0x00, 0x96,
    0x8D, 0x00, 0xED, 0x7F, 0x7F, 0x4B, 0x00, 0x83, 0x8D, 0x00, 0x7F, 0x7F, 0x7F, 0x4B, 0x00, 0x6E,
    0x8D, 0x00, 0x0E, 0x7F, 0x7F, 0x4B, 0x00, 0x57, 0x8C, 0x00, 0x90, 0x7F, 0x7F, 0x4C, 0x01, 0x3E,
    0xE5, 0x8B, 0x00, 0x1B, 0x7F, 0x7F, 0x4C, 0x01, 0x23, 0xC8, 0x8A, 0x00, 0x9D, 0x7F, 0x7F, 0x4D,
    0x01, 0x05, 0xA9, 0x8A, 0x00, 0x26, 0x7F, 0x7F, 0x4E, 0x00, 0x89, 0x89, 0x00, 0xA8, 0x7F, 0x7F,
    0x4F, 0x00, 0x66, 0x89, 0x00, 0x32, 0x7F, 0x7F, 0x4F, 0x01, 0x40, 0xE0, 0x87, 0x00, 0xB5, 0x7F,
    0x7F, 0x50, 0x01, 0x19, 0xB8, 0x87, 0x00, 0x40, 0x7F, 0x7F, 0x51, 0x00, 0x8D, 0x86, 0x00, 0xC6,
    0x7F, 0x7F, 0x52, 0x01, 0x60, 0xFC, 0x85, 0x00, 0x55, 0x7F, 0x7F, 0x52, 0x01, 0x31, 0xCB, 0x84,
    0x00, 0xDD, 0x7F, 0x7F, 0x54, 0x00, 0x99, 0x84, 0x00, 0x73, 0x7F, 0x7F, 0x54, 0x01, 0x64, 0xFC,
    0x83, 0x00, 0x0F, 0x7F, 0x7F, 0x54, 0x01, 0x2E, 0xC4, 0x82, 0x00, 0x9F, 0x7F, 0x7F, 0x56, 0x00,
    0x8A, 0x82, 0x00, 0x47, 0x7F, 0x7F, 0x56, 0x03, 0x4D, 0xE0, 0xFF, 0xDE, 0x7F, 0x7F, 0x57, 0x03,
    0x0F, 0xA1, 0xFF, 0x96, 0x7F, 0x7F, 0x58, 0x02, 0x5F, 0xEE, 0x5E, 0x7F, 0x7F, 0x58, 0x02, 0x1B,
    0xA9, 0x39, 0x7F, 0x7F, 0x59, 0x01, 0x62, 0x30, 0x7F, 0x7F, 0x59, 0x00, 0x19, 0x7F, 0x7F, 0x7F,
    0x7F, 0x7F, 0x7F, 0x7F, 0x7F, 0x7F, 0x7F, 0x7F, 0x7F, 0x7F, 0x7F, 0x7F, 0x7F, 0x7F, 0x7F, 0x7F,
    0x7F, 0x7F, 0x7F, 0x7F, 0x7F, 0x7F, 0x7F, 0x7F, 0x7F, 0x7F, 0x7F, 0x7F, 0x7F, 0x7F, 0x7F, 0x7F,
    0x7F, 0x7F, 0x7F, 0x7F, 0x7F, 0x7F, 0x7F, 0x7F, 0x7F, 0x7F, 0x7F, 0x7F, 0x7F, 0x7F, 0x7F, 0x7F,
    0x7F, 0x7F, 0x7F, 0x7F, 0x7F, 0x7F, 0x7F, 0x7F, 0x7F, 0x7F, 0x7F, 0x7F, 0x7F, 0x7F, 0x7F, 0x7F,
    0x7F, 0x7F, 0x7F, 0x7F, 0x7F, 0x7F, 0x7F, 0x7F, 0x7F, 0x7F, 0x7F, 0x7F, 0x7F, 0x7F, 0x7F, 0x7F,
    0x7F, 0x7F, 0x7F, 0x7F, 0x7F, 0x7F, 0x7F, 0x7F, 0x7F, 0x7F, 0x7F, 0x7F, 0x7F, 0x7F, 0x7F, 0x7F,
    0x7F, 0x7F, 0x7F, 0x7F, 0x7F, 0x7F, 0x7F, 0x7F, 0x7F, 0x7F, 0x7F, 0x7F, 0x7F, 0x7F, 0x7F, 0x7F,
    0x7F, 0x7F, 0x7F, 0x7F, 0x7F, 0x7F, 0x7F, 0x7F, 0x7F, 0x7F, 0x7F, 0x7F, 0x7F, 0x7F, 0x7F, 0x7F,
    0x7F, 0x7F, 0x7F, 0x7F, 0x7F, 0x7F, 0x7F, 0x7F, 0x7F, 0x7F, 0x7F, 0x7F, 0x7F, 0x7F, 0x7F, 0x7F,
    0x7F, 0x7F, 0x7F, 0x7F, 0x7F, 0x7F, 0x7F, 0x7F, 0x7F, 0x7F, 0x7F, 0x7F, 0x7F, 0x7F, 0x7F, 0x7F,
    0x7F, 0x7F, 0x77, 0x00, 0x5C, 0x7F, 0x7F, 0x59, 0x01, 0x2D, 0x1D, 0x7F, 0x7F, 0x59, 0x00, 0x93,
    0x7F, 0x7F, 0x59, 0x01, 0x19, 0xA7, 0x7F, 0x7F, 0x59, 0x01, 0x7C, 0x9E, 0x7F, 0x7F, 0x59, 0x01,
    0xDE, 0xA2, 0x7F, 0x7F, 0x58, 0x02, 0x60, 0xFF, 0xB0, 0x7F, 0x7F, 0x58, 0x03, 0xBE, 0xFF, 0xC8,
    0x18, 0x7F, 0x7F, 0x56, 0x04, 0x3E, 0xFF, 0xFF, 0xE7, 0x3A, 0x7F, 0x7F, 0x56, 0x00, 0x99, 0x82,
    0x00, 0x63, 0x7F, 0x7F, 0x55, 0x01, 0x17, 0xF2, 0x82, 0x00, 0x92, 0x7F, 0x7F, 0x55, 0x00, 0x6E,
    0x83, 0x01, 0xC6, 0x22, 0x7F, 0x7F, 0x54, 0x00, 0xC4, 0x83, 0x01, 0xFE, 0x5C, 0x7F, 0x7F, 0x53,
    0x00, 0x3E, 0x85, 0x00, 0x99, 0x7F, 0x7F, 0x53, 0x00, 0x90, 0x85, 0x01, 0xDA, 0x3C, 0x7F, 0x7F,
    0x51, 0x01, 0x09, 0xE0, 0x86, 0x00, 0x81, 0x7F, 0x7F, 0x51, 0x00, 0x57, 0x87, 0x01, 0xC7, 0x2C,
    0x7F, 0x7F, 0x50, 0x00, 0xA4, 0x88, 0x00, 0x75, 0x7F, 0x7F, 0x4F, 0x01, 0x19, 0xEE, 0x88, 0x01,
    0xBF, 0x27, 0x7F, 0x7F, 0x4E, 0x00, 0x62, 0x8A, 0x00, 0x72, 0x7F, 0x7F, 0x4E, 0x00, 0xA9, 0x8A,
    0x01, 0xBD, 0x25, 0x7F, 0x7F, 0x4C, 0x01, 0x1B, 0xEE, 0x8B, 0x00, 0x70, 0x7F, 0x7F, 0x4C, 0x00,
    0x5F, 0x8C, 0x01, 0xBB, 0x24, 0x7F, 0x7F, 0x4B, 0x00, 0xA1, 0x8D, 0x00, 0x6D, 0x7F, 0x7F, 0x4A,
    0x01, 0x0F, 0xE0, 0x8D, 0x01, 0xB5, 0x1D, 0x7F, 0x7F, 0x49, 0x00, 0x4D, 0x8E, 0x01, 0xFB, 0x63,
    0x7F, 0x7F, 0x49, 0x00, 0x8A, 0x8F, 0x01, 0xA7, 0x0E, 0x7F, 0x7F, 0x48, 0x00, 0xC4, 0x8F, 0x01,
    0xE8, 0x4F, 0x7F, 0x7F, 0x47, 0x01, 0x2E, 0xFC, 0x90, 0x00, 0x8D, 0x7F, 0x7F, 0x47, 0x00, 0x64,
    0x91, 0x01, 0xC8, 0x2D, 0x7F, 0x7F, 0x46, 0x00, 0x99, 0x92, 0x00, 0x64, 0x7F, 0x7F, 0x46, 0x00,
    0xCB, 0x92, 0x00, 0x98, 0x7F, 0x7F, 0x45, 0x01, 0x31, 0xFC, 0x92, 0x01, 0xC9, 0x29, 0x7F, 0x7F,
    0x44, 0x00, 0x60, 0x93, 0x01, 0xF6, 0x55, 0x7F, 0x7F, 0x44, 0x00, 0x8D, 0x94, 0x00, 0x7C, 0x7F,
    0x7F, 0x44, 0x00, 0xB8, 0x94, 0x00, 0xA0, 0x7F, 0x7F, 0x43, 0x01, 0x19, 0xE0, 0x94, 0x01, 0xC0,
    0x19, 0x7F, 0x7F, 0x42, 0x00, 0x40, 0x95, 0x01, 0xDC, 0x33, 0x7F, 0x7F, 0x42, 0x00, 0x66, 0x95,
    0x01, 0xF4, 0x49, 0x7F, 0x7F, 0x42, 0x00, 0x89, 0x96, 0x00, 0x5B, 0x7F, 0x7F, 0x42, 0x00, 0xA9,
    0x96, 0x00, 0x68, 0x7F, 0x7F, 0x03, 0x00, 0x00, 0x05, 0xC8, 0x96, 0x00, 0x70, 0x7F, 0x7F, 0x03,
    0x00, 0x00, 0x23, 0xE5, 0x96, 0x00, 0x75, 0x7F, 0x7F, 0x02, 0x00, 0x00, 0x3E, 0x97, 0x00, 0x75,
    0x7F, 0x7F, 0x02, 0x00, 0x00, 0x57, 0x97, 0x00, 0x70, 0x7F, 0x7F, 0x02, 0x00, 0x00, 0x6E, 0x97,
    0x00, 0x68, 0x7F, 0x7F, 0x02, 0x00, 0x00, 0x83, 0x97, 0x00, 0x5B, 0x7F, 0x7F, 0x02, 0x00, 0x00,
    0x96, 0x97, 0x00, 0x49, 0x7F, 0x7F, 0x02, 0x00, 0x00, 0xA6, 0x96, 0x01, 0xF4, 0x33, 0x7F, 0x7F,
    0x02, 0x00, 0x00, 0xB4, 0x96, 0x01, 0xDC, 0x19, 0x7F, 0x7F, 0x02, 0x00, 0x06, 0xC0, 0x96, 0x00,
    0xC0, 0x7F, 0x7F, 0x03, 0x00, 0x00, 0x11, 0xCA, 0x96, 0x00, 0xA0, 0x7F, 0x7F, 0x03, 0x00, 0x00,
    0x1A, 0xD2, 0x96, 0x00, 0x7C, 0x7F, 0x7F, 0x03, 0x00, 0x00, 0x21, 0xD7, 0x96, 0x00, 0x55, 0x7F,
    0x7F, 0x03, 0x00, 0x00, 0x25, 0xDB, 0x95, 0x01, 0xF6, 0x29, 0x7F, 0x7F, 0x03, 0x00, 0x00, 0x27,
    0xDC, 0x95, 0x00, 0xC9, 0x7F, 0x7F, 0x42, 0x01, 0x27, 0xDB, 0x95, 0x00, 0x98, 0x7F, 0x7F, 0x42,
    0x01, 0x25, 0xD7, 0x95, 0x00, 0x64, 0x7F, 0x7F, 0x42, 0x01, 0x21, 0xD2, 0x95, 0x00, 0x2D, 0x7F,
    0x7F, 0x42, 0x01, 0x1A, 0xCA, 0x94, 0x00, 0xC8, 0x7F, 0x7F, 0x43, 0x01, 0x11, 0xC0, 0x94, 0x00,
    0x8D, 0x7F, 0x7F, 0x43, 0x01, 0x06, 0xB4, 0x94, 0x00, 0x4F, 0x7F, 0x7F, 0x44, 0x00, 0xA6, 0x93,
    0x01, 0xE8, 0x0E, 0x7F, 0x7F, 0x44, 0x00, 0x96, 0x93, 0x00, 0xA7, 0x7F, 0x7F, 0x45, 0x00, 0x83,
    0x93, 0x00, 0x63, 0x7F, 0x7F, 0x45, 0x00, 0x6E, 0x92, 0x01, 0xFB, 0x1D, 0x7F, 0x7F, 0x45, 0x00,
    0x57, 0x92, 0x00, 0xB5, 0x7F, 0x7F, 0x46, 0x01, 0x3E, 0xE5, 0x91, 0x00, 0x6D, 0x7F, 0x7F, 0x46,
    0x01, 0x23, 0xC8, 0x91, 0x00, 0x24, 0x7F, 0x7F, 0x46, 0x01, 0x05, 0xA9, 0x90, 0x00, 0xBB, 0x7F,
    0x7F, 0x48, 0x00, 0x89, 0x90, 0x00, 0x70, 0x7F, 0x7F, 0x48, 0x00, 0x66, 0x90, 0x00, 0x25, 0x7F,
    0x7F, 0x48, 0x01, 0x40, 0xE0, 0x8E, 0x00, 0xBD, 0x7F, 0x7F, 0x49, 0x01, 0x19, 0xB8, 0x8E, 0x00,
    0x72, 0x7F, 0x7F, 0x4A, 0x00, 0x8D, 0x8E, 0x00, 0x27, 0x7F, 0x7F, 0x4A, 0x01, 0x60, 0xFC, 0x8C,
    0x00, 0xBF, 0x7F, 0x7F, 0x4B, 0x01, 0x31, 0xCB, 0x8C, 0x00, 0x75, 0x7F, 0x7F, 0x4C, 0x00, 0x99,
    0x8C, 0x00, 0x2C, 0x7F, 0x7F, 0x4C, 0x01, 0x64, 0xFC, 0x8A, 0x00, 0xC7, 0x7F, 0x7F, 0x4D, 0x01,
    0x2E, 0xC4, 0x8A, 0x00, 0x81, 0x7F, 0x7F, 0x4E, 0x00, 0x8A, 0x8A, 0x00, 0x3C, 0x7F, 0x7F, 0x4E,
    0x01, 0x4D, 0xE0, 0x88, 0x00, 0xDA, 0x7F, 0x7F, 0x4F, 0x01, 0x0F, 0xA1, 0x88, 0x00, 0x99, 0x7F,
    0x7F, 0x50, 0x01, 0x5F, 0xEE, 0x87, 0x00, 0x5C, 0x7F, 0x7F, 0x50, 0x01, 0x1B, 0xA9, 0x86, 0x01,
    0xFE, 0x22, 0x7F, 0x7F, 0x51, 0x01, 0x62, 0xEE, 0x85, 0x00, 0xC6, 0x7F, 0x7F, 0x52, 0x01, 0x19,
    0xA4, 0x85, 0x00, 0x92, 0x7F, 0x7F, 0x53, 0x01, 0x57, 0xE0, 0x84, 0x00, 0x63, 0x7F, 0x7F, 0x53,
    0x01, 0x09, 0x90, 0x84, 0x00, 0x3A, 0x7F, 0x7F, 0x54, 0x01, 0x3E, 0xC4, 0x82, 0x01, 0xE7, 0x18,
    0x7F, 0x7F, 0x55, 0x04, 0x6E, 0xF2, 0xFF, 0xFF, 0xC8, 0x7F, 0x7F, 0x56, 0x04, 0x17, 0x99, 0xFF,
    0xFF, 0xB0, 0x7F, 0x7F, 0x57, 0x03, 0x3E, 0xBE, 0xFF, 0xA2, 0x7F, 0x7F, 0x58, 0x02, 0x60, 0xDE,
    0x9E, 0x7F, 0x7F, 0x59, 0x01, 0x7C, 0xA7, 0x7F, 0x7F, 0x59, 0x02, 0x19, 0x93, 0x1D, 0x7F, 0x7F,
    0x59, 0x01, 0x2D, 0x5C, 0x7F, 0x7F, 0x7F, 0x7F, 0x7F, 0x7F, 0x7F, 0x7F, 0x7F, 0x7F, 0x7F, 0x7F,
    0x7F, 0x7F, 0x7F, 0x7F, 0x7F, 0x7F, 0x7F, 0x7F, 0x7F, 0x7F, 0x7F, 0x7F, 0x7F, 0x7F, 0x7F, 0x7F,
    0x7F, 0x7F, 0x7F, 0x7F, 0x7F, 0x7F, 0x7F, 0x7F, 0x7F, 0x7F, 0x7F, 0x7F, 0x7F, 0x7F, 0x7F, 0x7F,
    0x7F, 0x7F, 0x7F, 0x7F, 0x7F, 0x7F, 0x7F, 0x7F, 0x7F, 0x7F, 0x7F, 0x7F, 0x7F, 0x7F, 0x7F, 0x7F,
    0x7F, 0x7F, 0x7F, 0x7F, 0x7F, 0x7F, 0x7F, 0x7F, 0x7F, 0x7F, 0x7F, 0x7F, 0x7F, 0x7F, 0x7F, 0x7F,
    0x7F, 0x7F, 0x7F, 0x7F, 0x7F, 0x7F, 0x7F, 0x7F, 0x7F, 0x7F, 0x7F, 0x7F, 0x7F, 0x7F, 0x7F, 0x7F,
    0x7F, 0x7F, 0x7F, 0x7F, 0x7F, 0x7F, 0x7F, 0x7F, 0x7F, 0x7F, 0x7F, 0x7F, 0x7F, 0x7F, 0x7F, 0x56,
    0x00, 0x86, 0x7F, 0x7F, 0x59, 0x01, 0x1D, 0x34, 0x7F, 0x7F, 0x59, 0x00, 0x9B, 0x7F, 0x7F, 0x59,
    0x01, 0x30, 0x91, 0x7F, 0x7F, 0x59, 0x01, 0xAA, 0x67, 0x7F, 0x7F, 0x58, 0x02, 0x3D, 0xFF, 0x48,
    0x7F, 0x7F, 0x58, 0x02, 0xB4, 0xF7, 0x31, 0x7F, 0x7F, 0x57, 0x03, 0x45, 0xFF, 0xE5, 0x23, 0x7F,
    0x7F, 0x57, 0x03, 0xB9, 0xFF, 0xDC, 0x1D, 0x7F, 0x7F, 0x56, 0x04, 0x47, 0xFF, 0xFF, 0xD9, 0x1D,
    0x7F, 0x7F, 0x56, 0x04, 0xB8, 0xFF, 0xFF, 0xDD, 0x23, 0x7F, 0x7F, 0x55, 0x00, 0x44, 0x82, 0x01,
    0xE6, 0x2E, 0x7F, 0x7F, 0x55, 0x00, 0xB1, 0x82, 0x01, 0xF5, 0x3F, 0x7F, 0x7F, 0x54, 0x00, 0x3B,
    0x84, 0x00, 0x54, 0x7F, 0x7F, 0x54, 0x00, 0xA5, 0x84, 0x00, 0x6D, 0x7F, 0x7F, 0x53, 0x00, 0x2D,
    0x85, 0x00, 0x8B, 0x7F, 0x7F, 0x53, 0x00, 0x93, 0x85, 0x00, 0xAB, 0x7F, 0x7F, 0x52, 0x01, 0x19,
    0xF8, 0x85, 0x01, 0xCF, 0x22, 0x7F, 0x7F, 0x51, 0x00, 0x7C, 0x86, 0x01, 0xF6, 0x4A, 0x7F, 0x7F,
    0x51, 0x00, 0xDE, 0x87, 0x00, 0x75, 0x7F, 0x7F, 0x50, 0x00, 0x60, 0x88, 0x00, 0xA2, 0x7F, 0x7F,
    0x50, 0x00, 0xBE, 0x88, 0x01, 0xD0, 0x29, 0x7F, 0x7F, 0x4E, 0x00, 0x3E, 0x8A, 0x00, 0x5A, 0x7F,
    0x7F, 0x4E, 0x00, 0x99, 0x8A, 0x00, 0x8D, 0x7F, 0x7F, 0x4D, 0x01, 0x17, 0xF2, 0x8A, 0x01, 0xC0,
    0x1C, 0x7F, 0x7F, 0x4C, 0x00, 0x6E, 0x8B, 0x01, 0xF5, 0x51, 0x7F, 0x7F, 0x4C, 0x00, 0xC4, 0x8C,
    0x00, 0x87, 0x7F, 0x7F, 0x4B, 0x00, 0x3E, 0x8D, 0x01, 0xBD, 0x1B, 0x7F, 0x7F, 0x4A, 0x00, 0x90,
    0x8D, 0x01, 0xF4, 0x52, 0x7F, 0x7F, 0x49, 0x01, 0x09, 0xE0, 0x8E, 0x00, 0x89, 0x7F, 0x7F, 0x49,
    0x00, 0x57, 0x8F, 0x01, 0xBF, 0x1F, 0x7F, 0x7F, 0x48, 0x00, 0xA4, 0x8F, 0x01, 0xF5, 0x55, 0x7F,
    0x7F, 0x47, 0x01, 0x19, 0xEE, 0x90, 0x00, 0x8A, 0x7F, 0x7F, 0x47, 0x00, 0x62, 0x91, 0x01, 0xBE,
    0x1E, 0x7F, 0x7F, 0x46, 0x00, 0xA9, 0x91, 0x01, 0xF2, 0x51, 0x7F, 0x7F, 0x45, 0x01, 0x1B, 0xEE,
    0x92, 0x00, 0x83, 0x7F, 0x7F, 0x45, 0x00, 0x5F, 0x93, 0x01, 0xB4, 0x13, 0x7F, 0x7F, 0x44, 0x00,
    0xA1, 0x93, 0x01, 0xE3, 0x41, 0x7F, 0x7F, 0x43, 0x01, 0x0F, 0xE0, 0x94, 0x00, 0x6E, 0x7F, 0x7F,
    0x43, 0x00, 0x4D, 0x95, 0x00, 0x99, 0x7F, 0x7F, 0x43, 0x00, 0x8A, 0x95, 0x01, 0xC3, 0x1F, 0x7F,
    0x7F, 0x42, 0x00, 0xC4, 0x95, 0x01, 0xEA, 0x46, 0x7F, 0x7F, 0x03, 0x00, 0x00, 0x2E, 0xFC, 0x96,
    0x00, 0x6A, 0x7F, 0x7F, 0x02, 0x00, 0x00, 0x64, 0x97, 0x00, 0x8C, 0x7F, 0x7F, 0x02, 0x00, 0x00,
    0x99, 0x97, 0x01, 0xAB, 0x04, 0x7F, 0x7F, 0x01, 0x00, 0xCB, 0x97, 0x01, 0xC8, 0x20, 0x7F, 0x7F,
    0x01, 0x31, 0xFC, 0x97, 0x01, 0xE3, 0x3A, 0x7F, 0x7F, 0x00, 0x60, 0x98, 0x01, 0xFA, 0x50, 0x7F,
    0x7F, 0x00, 0x8D, 0x99, 0x00, 0x64, 0x7F, 0x7F, 0x00, 0xB8, 0x99, 0x00, 0x75, 0x7F, 0x7E, 0x01,
    0x19, 0xE0, 0x99, 0x00, 0x84, 0x7F, 0x7E, 0x00, 0x40, 0x9A, 0x00, 0x8F, 0x7F, 0x7E, 0x00, 0x66,
    0x9A, 0x00, 0x98, 0x7F, 0x7E, 0x00, 0x89, 0x9A, 0x00, 0x9E, 0x7F, 0x7E, 0x00, 0xA9, 0x9A, 0x00,
    0xA1, 0x7F, 0x7D, 0x01, 0x05, 0xC8, 0x9A, 0x00, 0xA1, 0x7F, 0x7D, 0x01, 0x23, 0xE5, 0x9A, 0x00,
    0x9E, 0x7F, 0x7D, 0x00, 0x3E, 0x9B, 0x00, 0x98, 0x7F, 0x7D, 0x00, 0x57, 0x9B, 0x00, 0x8F, 0x7F,
    0x7D, 0x00, 0x6E, 0x9B, 0x00, 0x84, 0x7F, 0x7D, 0x00, 0x83, 0x9B, 0x00, 0x75, 0x7F, 0x7D, 0x00,
    0x96, 0x9B, 0x00, 0x64, 0x7F, 0x7D, 0x00, 0xA6, 0x9B, 0x00, 0x50, 0x7F, 0x7D, 0x00, 0xB4, 0x9A,
    0x01, 0xFA, 0x3A, 0x7F, 0x7C, 0x01, 0x06, 0xC0, 0x9A, 0x01, 0xE3, 0x20, 0x7F, 0x7C, 0x01, 0x11,
    0xCA, 0x9A, 0x01, 0xC8, 0x04, 0x7F, 0x7C, 0x01, 0x1A, 0xD2, 0x9A, 0x00, 0xAB, 0x7F, 0x7D, 0x01,
    0x21, 0xD7, 0x9A, 0x00, 0x8C, 0x7F, 0x7D, 0x01, 0x25, 0xDB, 0x9A, 0x00, 0x6A, 0x7F, 0x7D, 0x01,
    0x27, 0xDC, 0x9A, 0x00, 0x46, 0x7F, 0x7D, 0x01, 0x27, 0xDB, 0x99, 0x01, 0xEA, 0x1F, 0x7F, 0x7D,
    0x01, 0x25, 0xD7, 0x99, 0x00, 0xC3, 0x7F, 0x7E, 0x01, 0x21, 0xD2, 0x99, 0x00, 0x99, 0x7F, 0x7E,
    0x01, 0x1A, 0xCA, 0x99, 0x00, 0x6E, 0x7F, 0x7E, 0x01, 0x11, 0xC0, 0x99, 0x00, 0x41, 0x7F, 0x7E,
    0x01, 0x06, 0xB4, 0x98, 0x01, 0xE3, 0x13, 0x7F, 0x7F, 0x00, 0xA6, 0x98, 0x00, 0xB4, 0x7F, 0x7F,
    0x01, 0x00, 0x96, 0x98, 0x00, 0x83, 0x7F, 0x7F, 0x01, 0x00, 0x83, 0x98, 0x00, 0x51, 0x7F, 0x7F,
    0x01, 0x00, 0x6E, 0x97, 0x01, 0xF2, 0x1E, 0x7F, 0x7F, 0x01, 0x00, 0x57, 0x97, 0x00, 0xBE, 0x7F,
    0x7F, 0x03, 0x00, 0x00, 0x3E, 0xE5, 0x96, 0x00, 0x8A, 0x7F, 0x7F, 0x03, 0x00, 0x00, 0x23, 0xC8,
    0x96, 0x00, 0x55, 0x7F, 0x7F, 0x03, 0x00, 0x00, 0x05, 0xA9, 0x95, 0x01, 0xF5, 0x1F, 0x7F, 0x7F,
    0x42, 0x00, 0x89, 0x95, 0x00, 0xBF, 0x7F, 0x7F, 0x43, 0x00, 0x66, 0x95, 0x00, 0x89, 0x7F, 0x7F,
    0x43, 0x01, 0x40, 0xE0, 0x94, 0x00, 0x52, 0x7F, 0x7F, 0x43, 0x01, 0x19, 0xB8, 0x93, 0x01, 0xF4,
    0x1B, 0x7F, 0x7F, 0x44, 0x00, 0x8D, 0x93, 0x00, 0xBD, 0x7F, 0x7F, 0x45, 0x01, 0x60, 0xFC, 0x92,
    0x00, 0x87, 0x7F, 0x7F, 0x45, 0x01, 0x31, 0xCB, 0x92, 0x00, 0x51, 0x7F, 0x7F, 0x46, 0x00, 0x99,
    0x91, 0x01, 0xF5, 0x1C, 0x7F, 0x7F, 0x46, 0x01, 0x64, 0xFC, 0x90, 0x00, 0xC0, 0x7F, 0x7F, 0x47,
    0x01, 0x2E, 0xC4, 0x90, 0x00, 0x8D, 0x7F, 0x7F, 0x48, 0x00, 0x8A, 0x90, 0x00, 0x5A, 0x7F, 0x7F,
    0x48, 0x01, 0x4D, 0xE0, 0x8F, 0x00, 0x29, 0x7F, 0x7F, 0x48, 0x01, 0x0F, 0xA1, 0x8E, 0x00, 0xD0,
    0x7F, 0x7F, 0x4A, 0x01, 0x5F, 0xEE, 0x8D, 0x00, 0xA2, 0x7F, 0x7F, 0x4A, 0x01, 0x1B, 0xA9, 0x8D,
    0x00, 0x75, 0x7F, 0x7F, 0x4B, 0x01, 0x62, 0xEE, 0x8C, 0x00, 0x4A, 0x7F, 0x7F, 0x4B, 0x01, 0x19,
    0xA4, 0x8B, 0x01, 0xF6, 0x22, 0x7F, 0x7F, 0x4C, 0x01, 0x57, 0xE0, 0x8A, 0x00, 0xCF, 0x7F, 0x7F,
    0x4D, 0x01, 0x09, 0x90, 0x8A, 0x00, 0xAB, 0x7F, 0x7F, 0x4E, 0x01, 0x3E, 0xC4, 0x89, 0x00, 0x8B,
    0x7F, 0x7F, 0x4F, 0x01, 0x6E, 0xF2, 0x88, 0x00, 0x6D, 0x7F, 0x7F, 0x4F, 0x01, 0x17, 0x99, 0x88,
    0x00, 0x54, 0x7F, 0x7F, 0x50, 0x01, 0x3E, 0xBE, 0x87, 0x00, 0x3F, 0x7F, 0x7F, 0x51, 0x01, 0x60,
    0xDE, 0x85, 0x01, 0xF5, 0x2E, 0x7F, 0x7F, 0x52, 0x01, 0x7C, 0xF8, 0x84, 0x01, 0xE6, 0x23, 0x7F,
    0x7F, 0x52, 0x01, 0x19, 0x93, 0x84, 0x01, 0xDD, 0x1D, 0x7F, 0x7F, 0x53, 0x01, 0x2D, 0xA5, 0x83,
    0x01, 0xD9, 0x1D, 0x7F, 0x7F, 0x54, 0x01, 0x3B, 0xB1, 0x82, 0x01, 0xDC, 0x23, 0x7F, 0x7F, 0x55,
    0x05, 0x44, 0xB8, 0xFF, 0xFF, 0xE5, 0x31, 0x7F, 0x7F, 0x56, 0x04, 0x47, 0xB9, 0xFF, 0xF7, 0x48,
    0x7F, 0x7F, 0x57, 0x03, 0x45, 0xB4, 0xFF, 0x67, 0x7F, 0x7F, 0x58, 0x02, 0x3D, 0xAA, 0x91, 0x7F,
    0x7F, 0x59, 0x02, 0x30, 0x9B, 0x34, 0x7F, 0x7F, 0x59, 0x01, 0x1D, 0x86, 0x7F, 0x7F, 0x7F, 0x7F,
    0x7F, 0x7F, 0x7F, 0x7F, 0x7F, 0x7F, 0x7F, 0x7F, 0x7F, 0x7F, 0x7F, 0x7F, 0x7F, 0x7F, 0x7F, 0x7F,
    0x7F, 0x7F, 0x7F, 0x7F, 0x7F, 0x7F, 0x7F, 0x7F, 0x7F, 0x7F, 0x7F, 0x7F, 0x7F, 0x7F, 0x7F, 0x7F,
    0x7F, 0x7F, 0x7F, 0x7F, 0x7F, 0x7F, 0x7F, 0x7F, 0x42, 0x00, 0x1B, 0x7F, 0x7F, 0x5A, 0x00, 0x6E,
    0x7F, 0x7F, 0x59, 0x01, 0x62, 0x02, 0x7F, 0x7F, 0x58, 0x01, 0x0C, 0x81, 0x7F, 0x7F, 0x59, 0x01,
    0xA4, 0x28, 0x7F, 0x7F, 0x58, 0x01, 0x4B, 0xB4, 0x7F, 0x7F, 0x59, 0x01, 0xE0, 0x6A, 0x7F, 0x7F,
    0x58, 0x02, 0x85, 0xFF, 0x28, 0x7F, 0x7F, 0x57, 0x02, 0x29, 0xFF, 0xC2, 0x7F, 0x7F, 0x58, 0x02,
    0xBA, 0xFF, 0x8B, 0x7F, 0x7F, 0x57, 0x03, 0x5C, 0xFF, 0xFF, 0x5A, 0x7F, 0x7F, 0x57, 0x03, 0xE9,
    0xFF, 0xFF, 0x30, 0x7F, 0x7F, 0x56, 0x04, 0x89, 0xFF, 0xFF, 0xD8, 0x0A, 0x7F, 0x7F, 0x55, 0x00,
    0x27, 0x82, 0x00, 0xB5, 0x7F, 0x7F, 0x56, 0x00, 0xB0, 0x82, 0x00, 0x98, 0x7F, 0x7F, 0x55, 0x00,
    0x4C, 0x83, 0x00, 0x7F, 0x7F, 0x7F, 0x55, 0x00, 0xD2, 0x83, 0x00, 0x6A, 0x7F, 0x7F, 0x54, 0x00,
    0x6C, 0x84, 0x00, 0x5A, 0x7F, 0x7F, 0x53, 0x01, 0x05, 0xEE, 0x84, 0x00, 0x4D, 0x7F, 0x7F, 0x53,
    0x00, 0x86, 0x85, 0x00, 0x44, 0x7F, 0x7F, 0x52, 0x00, 0x1D, 0x86, 0x00, 0x3E, 0x7F, 0x7F, 0x52,
    0x00, 0x9B, 0x85, 0x01, 0xFB, 0x3C, 0x7F, 0x7F, 0x51, 0x00, 0x30, 0x86, 0x01, 0xFA, 0x3C, 0x7F,
    0x7F, 0x51, 0x00, 0xAA, 0x86, 0x01, 0xFD, 0x3F, 0x7F, 0x7F, 0x50, 0x00, 0x3D, 0x88, 0x00, 0x46,
    0x7F, 0x7F, 0x50, 0x00, 0xB4, 0x88, 0x00, 0x4E, 0x7F, 0x7F, 0x4F, 0x00, 0x45, 0x89, 0x00, 0x59,
    0x7F, 0x7F, 0x4F, 0x00, 0xB9, 0x89, 0x00, 0x66, 0x7F, 0x7F, 0x4E, 0x00, 0x47, 0x8A, 0x00, 0x75,
    0x7F, 0x7F, 0x4E, 0x00, 0xB8, 0x8A, 0x00, 0x87, 0x7F, 0x7F, 0x4D, 0x00, 0x44, 0x8B, 0x00, 0x9A,
    0x7F, 0x7F, 0x4D, 0x00, 0xB1, 0x8B, 0x00, 0xAE, 0x7F, 0x7F, 0x4C, 0x00, 0x3B, 0x8C, 0x01, 0xC4,
    0x11, 0x7F, 0x7F, 0x4B, 0x00, 0xA5, 0x8C, 0x01, 0xDC, 0x2A, 0x7F, 0x7F, 0x4A, 0x00, 0x2D, 0x8D,
    0x01, 0xF4, 0x43, 0x7F, 0x7F, 0x4A, 0x00, 0x93, 0x8E, 0x00, 0x5E, 0x7F, 0x7F, 0x49, 0x01, 0x19,
    0xF8, 0x8E, 0x00, 0x79, 0x7F, 0x7F, 0x49, 0x00, 0x7C, 0x8F, 0x00, 0x95, 0x7F, 0x7F, 0x49, 0x00,
    0xDE, 0x8F, 0x01, 0xB2, 0x04, 0x7F, 0x7F, 0x47, 0x00, 0x60, 0x90, 0x01, 0xD0, 0x23, 0x7F, 0x7F,
    0x47, 0x00, 0xBE, 0x90, 0x01, 0xEE, 0x41, 0x7F, 0x7F, 0x46, 0x00, 0x3E, 0x92, 0x00, 0x60, 0x7F,
    0x7F, 0x46, 0x00, 0x99, 0x92, 0x00, 0x7F, 0x7F, 0x7F, 0x45, 0x01, 0x17, 0xF2, 0x92, 0x00, 0x9E,
    0x7F, 0x7F, 0x45, 0x00, 0x6E, 0x93, 0x01, 0xBE, 0x13, 0x7F, 0x7F, 0x44, 0x00, 0xC4, 0x93, 0x01,
    0xDD, 0x32, 0x7F, 0x7F, 0x43, 0x00, 0x3E, 0x94, 0x01, 0xFC, 0x51, 0x7F, 0x7F, 0x43, 0x00, 0x90,
    0x95, 0x00, 0x70, 0x7F, 0x7F, 0x42, 0x01, 0x09, 0xE0, 0x95, 0x00, 0x8E, 0x7F, 0x7F, 0x42, 0x00,
    0x57, 0x96, 0x01, 0xAC, 0x02, 0x7F, 0x7F, 0x02, 0x00, 0x00, 0xA4, 0x96, 0x01, 0xC9, 0x1F, 0x7F,
    0x7F, 0x02, 0x00, 0x19, 0xEE, 0x96, 0x01, 0xE6, 0x3C, 0x7F, 0x7F, 0x01, 0x00, 0x62, 0x98, 0x00,
    0x57, 0x7F, 0x7F, 0x01, 0x00, 0xA9, 0x98, 0x00, 0x72, 0x7F, 0x7F, 0x01, 0x1B, 0xEE, 0x98, 0x00,
    0x8C, 0x7F, 0x7F, 0x00, 0x5F, 0x99, 0x00, 0xA5, 0x7F, 0x7F, 0x00, 0xA1, 0x99, 0x01, 0xBD, 0x12,
    0x7F, 0x7D, 0x01, 0x0F, 0xE0, 0x99, 0x01, 0xD4, 0x28, 0x7F, 0x7D, 0x00, 0x4D, 0x9A, 0x01, 0xE9,
    0x3D, 0x7F, 0x7D, 0x00, 0x8A, 0x9A, 0x01, 0xFD, 0x51, 0x7F, 0x7D, 0x00, 0xC4, 0x9B, 0x00, 0x64,
    0x7F, 0x7C, 0x01, 0x2E, 0xFC, 0x9B, 0x00, 0x75, 0x7F, 0x7C, 0x00, 0x64, 0x9C, 0x00, 0x84, 0x7F,
    0x7C, 0x00, 0x99, 0x9C, 0x00, 0x93, 0x7F, 0x7C, 0x00, 0xCB, 0x9C, 0x00, 0x9F, 0x7F, 0x7B, 0x01,
    0x31, 0xFC, 0x9C, 0x00, 0xAB, 0x7F, 0x7B, 0x00, 0x60, 0x9D, 0x01, 0xB4, 0x04, 0x7F, 0x7A, 0x00,
    0x8D, 0x9D, 0x01, 0xBC, 0x0B, 0x7F, 0x7A, 0x00, 0xB8, 0x9D, 0x01, 0xC3, 0x11, 0x7F, 0x79, 0x01,
    0x19, 0xE0, 0x9D, 0x01, 0xC8, 0x15, 0x7F, 0x79, 0x00, 0x40, 0x9E, 0x01, 0xCB, 0x18, 0x7F, 0x79,
    0x00, 0x66, 0x9E, 0x01, 0xCD, 0x19, 0x7F, 0x79, 0x00, 0x89, 0x9E, 0x01, 0xCD, 0x18, 0x7F, 0x79,
    0x00, 0xA9, 0x9E, 0x01, 0xCB, 0x15, 0x7F, 0x78, 0x01, 0x05, 0xC8, 0x9E, 0x01, 0xC8, 0x11, 0x7F,
    0x78, 0x01, 0x23, 0xE5, 0x9E, 0x01, 0xC3, 0x0B, 0x7F, 0x78, 0x00, 0x3E, 0x9F, 0x01, 0xBC, 0x04,
    0x7F, 0x78, 0x00, 0x57, 0x9F, 0x00, 0xB4, 0x7F, 0x79, 0x00, 0x6E, 0x9F, 0x00, 0xAB, 0x7F, 0x79,
    0x00, 0x83, 0x9F, 0x00, 0x9F, 0x7F, 0x79, 0x00, 0x96, 0x9F, 0x00, 0x93, 0x7F, 0x79, 0x00, 0xA6,
    0x9F, 0x00, 0x84, 0x7F, 0x79, 0x00, 0xB4, 0x9F, 0x00, 0x75, 0x7F, 0x78, 0x01, 0x06, 0xC0, 0x9F,
    0x00, 0x64, 0x7F, 0x78, 0x01, 0x11, 0xCA, 0x9F, 0x00, 0x51, 0x7F, 0x78, 0x01, 0x1A, 0xD2, 0x9E,
    0x01, 0xFD, 0x3D, 0x7F, 0x78, 0x01, 0x21, 0xD7, 0x9E, 0x01, 0xE9, 0x28, 0x7F, 0x78, 0x01, 0x25,
    0xDB, 0x9E, 0x01, 0xD4, 0x12, 0x7F, 0x78, 0x01, 0x27, 0xDC, 0x9E, 0x00, 0xBD, 0x7F, 0x79, 0x01,
    0x27, 0xDB, 0x9E, 0x00, 0xA5, 0x7F, 0x79, 0x01, 0x25, 0xD7, 0x9E, 0x00, 0x8C, 0x7F, 0x79, 0x01,
    0x21, 0xD2, 0x9E, 0x00, 0x72, 0x7F, 0x79, 0x01, 0x1A, 0xCA, 0x9E, 0x00, 0x57, 0x7F, 0x79, 0x01,
    0x11, 0xC0, 0x9E, 0x00, 0x3C, 0x7F, 0x79, 0x01, 0x06, 0xB4, 0x9D, 0x01, 0xE6, 0x1F, 0x7F, 0x7A,
    0x00, 0xA6, 0x9D, 0x01, 0xC9, 0x02, 0x7F, 0x7A, 0x00, 0x96, 0x9D, 0x00, 0xAC, 0x7F, 0x7B, 0x00,
    0x83, 0x9D, 0x00, 0x8E, 0x7F, 0x7B, 0x00, 0x6E, 0x9D, 0x00, 0x70, 0x7F, 0x7B, 0x00, 0x57, 0x9D,
    0x00, 0x51, 0x7F, 0x7B, 0x01, 0x3E, 0xE5, 0x9B, 0x01, 0xFC, 0x32, 0x7F, 0x7B, 0x01, 0x23, 0xC8,
    0x9B, 0x01, 0xDD, 0x13, 0x7F, 0x7B, 0x01, 0x05, 0xA9, 0x9B, 0x00, 0xBE, 0x7F, 0x7D, 0x00, 0x89,
    0x9B, 0x00, 0x9E, 0x7F, 0x7D, 0x00, 0x66, 0x9B, 0x00, 0x7F, 0x7F, 0x7D, 0x01, 0x40, 0xE0, 0x9A,
    0x00, 0x60, 0x7F, 0x7D, 0x01, 0x19, 0xB8, 0x9A, 0x00, 0x41, 0x7F, 0x7E, 0x00, 0x8D, 0x99, 0x01,
    0xEE, 0x23, 0x7F, 0x7E, 0x01, 0x60, 0xFC, 0x98, 0x01, 0xD0, 0x04, 0x7F, 0x7E, 0x01, 0x31, 0xCB,
    0x98, 0x00, 0xB2, 0x7F, 0x7F, 0x01, 0x00, 0x99, 0x98, 0x00, 0x95, 0x7F, 0x7F, 0x02, 0x00, 0x64,
    0xFC, 0x97, 0x00, 0x79, 0x7F, 0x7F, 0x02, 0x00, 0x2E, 0xC4, 0x97, 0x00, 0x5E, 0x7F, 0x7F, 0x02,
    0x00, 0x00, 0x8A, 0x97, 0x00, 0x43, 0x7F, 0x7F, 0x03, 0x00, 0x00, 0x4D, 0xE0, 0x95, 0x01, 0xF4,
    0x2A, 0x7F, 0x7F, 0x03, 0x00, 0x00, 0x0F, 0xA1, 0x95, 0x01, 0xDC, 0x11, 0x7F, 0x7F, 0x42, 0x01,
    0x5F, 0xEE, 0x94, 0x00, 0xC4, 0x7F, 0x7F, 0x43, 0x01, 0x1B, 0xA9, 0x94, 0x00, 0xAE, 0x7F, 0x7F,
    0x44, 0x01, 0x62, 0xEE, 0x93, 0x00, 0x9A, 0x7F, 0x7F, 0x44, 0x01, 0x19, 0xA4, 0x93, 0x00, 0x87,
    0x7F, 0x7F, 0x45, 0x01, 0x57, 0xE0, 0x92, 0x00, 0x75, 0x7F, 0x7F, 0x45, 0x01, 0x09, 0x90, 0x92,
    0x00, 0x66, 0x7F, 0x7F, 0x46, 0x01, 0x3E, 0xC4, 0x91, 0x00, 0x59, 0x7F, 0x7F, 0x47, 0x01, 0x6E,
    0xF2, 0x90, 0x00, 0x4E, 0x7F, 0x7F, 0x47, 0x01, 0x17, 0x99, 0x90, 0x00, 0x46, 0x7F, 0x7F, 0x48,
    0x01, 0x3E, 0xBE, 0x8F, 0x00, 0x3F, 0x7F, 0x7F, 0x49, 0x01, 0x60, 0xDE, 0x8D, 0x01, 0xFD, 0x3C,
    0x7F, 0x7F, 0x4A, 0x01, 0x7C, 0xF8, 0x8C, 0x01, 0xFA, 0x3C, 0x7F, 0x7F, 0x4A, 0x01, 0x19, 0x93,
    0x8C, 0x01, 0xFB, 0x3E, 0x7F, 0x7F, 0x4B, 0x01, 0x2D, 0xA5, 0x8C, 0x00, 0x44, 0x7F, 0x7F, 0x4C,
    0x01, 0x3B, 0xB1, 0x8B, 0x00, 0x4D, 0x7F, 0x7F, 0x4D, 0x01, 0x44, 0xB8, 0x8A, 0x00, 0x5A, 0x7F,
    0x7F, 0x4E, 0x01, 0x47, 0xB9, 0x89, 0x00, 0x6A, 0x7F, 0x7F, 0x4F, 0x01, 0x45, 0xB4, 0x88, 0x00,
    0x7F, 0x7F, 0x7F, 0x50, 0x01, 0x3D, 0xAA, 0x87, 0x00, 0x98, 0x7F, 0x7F, 0x51, 0x01, 0x30, 0x9B,
    0x86, 0x01, 0xB5, 0x0A, 0x7F, 0x7F, 0x51, 0x02, 0x1D, 0x86, 0xEE, 0x84, 0x01, 0xD8, 0x30, 0x7F,
    0x7F, 0x52, 0x02, 0x05, 0x6C, 0xD2, 0x84, 0x00, 0x5A, 0x7F, 0x7F, 0x54, 0x01, 0x4C, 0xB0, 0x83,
    0x00, 0x8B, 0x7F, 0x7F, 0x55, 0x06, 0x27, 0x89, 0xE9, 0xFF, 0xFF, 0xC2, 0x28, 0x7F, 0x7F, 0x56,
    0x04, 0x5C, 0xBA, 0xFF, 0xFF, 0x6A, 0x7F, 0x7F, 0x57, 0x04, 0x29, 0x85, 0xE0, 0xB4, 0x28, 0x7F,
    0x7F, 0x58, 0x03, 0x4B, 0xA4, 0x81, 0x02, 0x7F, 0x7F, 0x58, 0x02, 0x0C, 0x62, 0x6E, 0x7F, 0x7F,
    0x5A, 0x00, 0x1B, 0x7F, 0x7F, 0x7F, 0x7F, 0x7F, 0x7F, 0x7F, 0x7F, 0x7F, 0x7F, 0x7F, 0x7F, 0x7F,
    0x7F, 0x7F, 0x7F, 0x7F, 0x7F, 0x7F, 0x7F, 0x7F, 0x7F, 0x7F, 0x7F, 0x7F, 0x7F, 0x7F, 0x7F, 0x7F,
    0x7F, 0x7F, 0x7F, 0x7F, 0x7F, 0x45, 0x00, 0x69, 0x7F, 0x7F, 0x59, 0x00, 0x4B, 0x7F, 0x7F, 0x5A,
    0x00, 0x73, 0x7F, 0x7F, 0x59, 0x01, 0x85, 0x18, 0x7F, 0x7F, 0x58, 0x01, 0x29, 0xA1, 0x7F, 0x7F,
    0x59, 0x01, 0xBA, 0x56, 0x7F, 0x7F, 0x58, 0x02, 0x5C, 0xE9, 0x13, 0x7F, 0x7F, 0x58, 0x01, 0xE9,
    0xAB, 0x7F, 0x7F, 0x58, 0x02, 0x89, 0xFF, 0x74, 0x7F, 0x7F, 0x57, 0x03, 0x27, 0xFF, 0xFF, 0x42,
    0x7F, 0x7F, 0x57, 0x03, 0xB0, 0xFF, 0xE6, 0x17, 0x7F, 0x7F, 0x56, 0x03, 0x4C, 0xFF, 0xFF, 0xBE,
    0x7F, 0x7F, 0x57, 0x03, 0xD2, 0xFF, 0xFF, 0x9C, 0x7F, 0x7F, 0x56, 0x00, 0x6C, 0x82, 0x00, 0x7E,
    0x7F, 0x7F, 0x55, 0x01, 0x05, 0xEE, 0x82, 0x00, 0x65, 0x7F, 0x7F, 0x55, 0x00, 0x86, 0x83, 0x00,
    0x50, 0x7F, 0x7F, 0x54, 0x00, 0x1D, 0x84, 0x00, 0x3F, 0x7F, 0x7F, 0x54, 0x00, 0x9B, 0x83, 0x01,
    0xF5, 0x32, 0x7F, 0x7F, 0x53, 0x00, 0x30, 0x84, 0x01, 0xEA, 0x29, 0x7F, 0x7F, 0x53, 0x00, 0xAA,
    0x84, 0x01, 0xE3, 0x23, 0x7F, 0x7F, 0x52, 0x00, 0x3D, 0x85, 0x01, 0xDF, 0x20, 0x7F, 0x7F, 0x52,
    0x00, 0xB4, 0x85, 0x01, 0xDD, 0x20, 0x7F, 0x7F, 0x51, 0x00, 0x45, 0x86, 0x01, 0xDF, 0x23, 0x7F,
    0x7F, 0x51, 0x00, 0xB9, 0x86, 0x01, 0xE3, 0x28, 0x7F, 0x7F, 0x50, 0x00, 0x47, 0x87, 0x01, 0xEA,
    0x30, 0x7F, 0x7F, 0x50, 0x00, 0xB8, 0x87, 0x01, 0xF3, 0x3A, 0x7F, 0x7F, 0x4F, 0x00, 0x44, 0x88,
    0x01, 0xFE, 0x47, 0x7F, 0x7F, 0x4F, 0x00, 0xB1, 0x89, 0x00, 0x55, 0x7F, 0x7F, 0x4E, 0x00, 0x3B,
    0x8A, 0x00, 0x65, 0x7F, 0x7F, 0x4E, 0x00, 0xA5, 0x8A, 0x00, 0x77, 0x7F, 0x7F, 0x4D, 0x00, 0x2D,
    0x8B, 0x00, 0x8A, 0x7F, 0x7F, 0x4D, 0x00, 0x93, 0x8B, 0x00, 0x9F, 0x7F, 0x7F, 0x4C, 0x01, 0x19,
    0xF8, 0x8B, 0x01, 0xB5, 0x04, 0x7F, 0x7F, 0x4B, 0x00, 0x7C, 0x8C, 0x01, 0xCD, 0x1C, 0x7F, 0x7F,
    0x4B, 0x00, 0xDE, 0x8C, 0x01, 0xE5, 0x35, 0x7F, 0x7F, 0x4A, 0x00, 0x60, 0x8D, 0x01, 0xFE, 0x4E,
    0x7F, 0x7F, 0x4A, 0x00, 0xBE, 0x8E, 0x00, 0x69, 0x7F, 0x7F, 0x49, 0x00, 0x3E, 0x8F, 0x00, 0x84,
    0x7F, 0x7F, 0x49, 0x00, 0x99, 0x8F, 0x00, 0xA0, 0x7F, 0x7F, 0x48, 0x01, 0x17, 0xF2, 0x8F, 0x01,
    0xBC, 0x0F, 0x7F, 0x7F, 0x47, 0x00, 0x6E, 0x90, 0x01, 0xD8, 0x2B, 0x7F, 0x7F, 0x47, 0x00, 0xC4,
    0x90, 0x01, 0xF4, 0x48, 0x7F, 0x7F, 0x46, 0x00, 0x3E, 0x92, 0x00, 0x65, 0x7F, 0x7F, 0x46, 0x00,
    0x90, 0x92, 0x00, 0x82, 0x7F, 0x7F, 0x45, 0x01, 0x09, 0xE0, 0x92, 0x00, 0x9E, 0x7F, 0x7F, 0x45,
    0x00, 0x57, 0x93, 0x01, 0xBA, 0x0F, 0x7F, 0x7F, 0x44, 0x00, 0xA4, 0x93, 0x01, 0xD6, 0x2B, 0x7F,
    0x7F, 0x43, 0x01, 0x19, 0xEE, 0x93, 0x01, 0xF1, 0x47, 0x7F, 0x7F, 0x43, 0x00, 0x62, 0x95, 0x00,
    0x61, 0x7F, 0x7F, 0x43, 0x00, 0xA9, 0x95, 0x00, 0x7C, 0x7F, 0x7F, 0x42, 0x01, 0x1B, 0xEE, 0x95,
    0x00, 0x95, 0x7F, 0x7F, 0x42, 0x00, 0x5F, 0x96, 0x01, 0xAE, 0x03, 0x7F, 0x7F, 0x02, 0x00, 0x00,
    0xA1, 0x96, 0x01, 0xC6, 0x1A, 0x7F, 0x7F, 0x02, 0x00, 0x0F, 0xE0, 0x96, 0x01, 0xDC, 0x31, 0x7F,
    0x7F, 0x01, 0x00, 0x4D, 0x97, 0x01, 0xF2, 0x46, 0x7F, 0x7F, 0x01, 0x00, 0x8A, 0x98, 0x00, 0x5B,
    0x7F, 0x7F, 0x01, 0x00, 0xC4, 0x98, 0x00, 0x6E, 0x7F, 0x7F, 0x01, 0x2E, 0xFC, 0x98, 0x00, 0x80,
    0x7F, 0x7F, 0x00, 0x64, 0x99, 0x00, 0x91, 0x7F, 0x7F, 0x00, 0x99, 0x99, 0x00, 0xA0, 0x7F, 0x7F,
    0x00, 0xCB, 0x99, 0x00, 0xAE, 0x7F, 0x7E, 0x01, 0x31, 0xFC, 0x99, 0x01, 0xBB, 0x0C, 0x7F, 0x7D,
    0x00, 0x60, 0x9A, 0x01, 0xC6, 0x17, 0x7F, 0x7D, 0x00, 0x8D, 0x9A, 0x01, 0xD0, 0x20, 0x7F, 0x7D,
    0x00, 0xB8, 0x9A, 0x01, 0xD9, 0x28, 0x7F, 0x7C, 0x01, 0x19, 0xE0, 0x9A, 0x01, 0xE0, 0x2E, 0x7F,
    0x7C, 0x00, 0x40, 0x9B, 0x01, 0xE5, 0x33, 0x7F, 0x7C, 0x00, 0x66, 0x9B, 0x01, 0xE9, 0x36, 0x7F,
    0x7C, 0x00, 0x89, 0x9B, 0x01, 0xEB, 0x37, 0x7F, 0x7C, 0x00, 0xA9, 0x9B, 0x01, 0xEC, 0x37, 0x7F,
    0x7B, 0x01, 0x05, 0xC8, 0x9B, 0x01, 0xEB, 0x36, 0x7F, 0x7B, 0x01, 0x23, 0xE5, 0x9B, 0x01, 0xE9,
    0x33, 0x7F, 0x7B, 0x00, 0x3E, 0x9C, 0x01, 0xE5, 0x2E, 0x7F, 0x7B, 0x00, 0x57, 0x9C, 0x01, 0xE0,
    0x28, 0x7F, 0x7B, 0x00, 0x6E, 0x9C, 0x01, 0xD9, 0x20, 0x7F, 0x7B, 0x00, 0x83, 0x9C, 0x01, 0xD0,
    0x17, 0x7F, 0x7B, 0x00, 0x96, 0x9C, 0x01, 0xC6, 0x0C, 0x7F, 0x7B, 0x00, 0xA6, 0x9C, 0x00, 0xBB,
    0x7F, 0x7C, 0x00, 0xB4, 0x9C, 0x00, 0xAE, 0x7F, 0x7B, 0x01, 0x06, 0xC0, 0x9C, 0x00, 0xA0, 0x7F,
    0x7B, 0x01, 0x11, 0xCA, 0x9C, 0x00, 0x91, 0x7F, 0x7B, 0x01, 0x1A, 0xD2, 0x9C, 0x00, 0x80, 0x7F,
    0x7B, 0x01, 0x21, 0xD7, 0x9C, 0x00, 0x6E, 0x7F, 0x7B, 0x01, 0x25, 0xDB, 0x9C, 0x00, 0x5B, 0x7F,
    0x7B, 0x01, 0x27, 0xDC, 0x9C, 0x00, 0x46, 0x7F, 0x7B, 0x01, 0x27, 0xDB, 0x9B, 0x01, 0xF2, 0x31,
    0x7F, 0x7B, 0x01, 0x25, 0xD7, 0x9B, 0x01, 0xDC, 0x1A, 0x7F, 0x7B, 0x01, 0x21, 0xD2, 0x9B, 0x01,
    0xC6, 0x03, 0x7F, 0x7B, 0x01, 0x1A, 0xCA, 0x9B, 0x00, 0xAE, 0x7F, 0x7C, 0x01, 0x11, 0xC0, 0x9B,
    0x00, 0x95, 0x7F, 0x7C, 0x01, 0x06, 0xB4, 0x9B, 0x00, 0x7C, 0x7F, 0x7D, 0x00, 0xA6, 0x9B, 0x00,
    0x61, 0x7F, 0x7D, 0x00, 0x96, 0x9B, 0x00, 0x47, 0x7F, 0x7D, 0x00, 0x83, 0x9A, 0x01, 0xF1, 0x2B,
    0x7F, 0x7D, 0x00, 0x6E, 0x9A, 0x01, 0xD6, 0x0F, 0x7F, 0x7D, 0x00, 0x57, 0x9A, 0x00, 0xBA, 0x7F,
    0x7E, 0x01, 0x3E, 0xE5, 0x99, 0x00, 0x9E, 0x7F, 0x7E, 0x01, 0x23, 0xC8, 0x99, 0x00, 0x82, 0x7F,
    0x7E, 0x01, 0x05, 0xA9, 0x99, 0x00, 0x65, 0x7F, 0x7F, 0x00, 0x89, 0x99, 0x00, 0x48, 0x7F, 0x7F,
    0x00, 0x66, 0x98, 0x01, 0xF4, 0x2B, 0x7F, 0x7F, 0x01, 0x40, 0xE0, 0x97, 0x01, 0xD8, 0x0F, 0x7F,
    0x7F, 0x01, 0x19, 0xB8, 0x97, 0x00, 0xBC, 0x7F, 0x7F, 0x02, 0x00, 0x00, 0x8D, 0x97, 0x00, 0xA0,
    0x7F, 0x7F, 0x03, 0x00, 0x00, 0x60, 0xFC, 0x96, 0x00, 0x84, 0x7F, 0x7F, 0x03, 0x00, 0x00, 0x31,
    0xCB, 0x96, 0x00, 0x69, 0x7F, 0x7F, 0x42, 0x00, 0x99, 0x96, 0x00, 0x4E, 0x7F, 0x7F, 0x42, 0x01,
    0x64, 0xFC, 0x94, 0x01, 0xFE, 0x35, 0x7F, 0x7F, 0x42, 0x01, 0x2E, 0xC4, 0x94, 0x01, 0xE5, 0x1C,
    0x7F, 0x7F, 0x43, 0x00, 0x8A, 0x94, 0x01, 0xCD, 0x04, 0x7F, 0x7F, 0x43, 0x01, 0x4D, 0xE0, 0x93,
    0x00, 0xB5, 0x7F, 0x7F, 0x44, 0x01, 0x0F, 0xA1, 0x93, 0x00, 0x9F, 0x7F, 0x7F, 0x45, 0x01, 0x5F,
    0xEE, 0x92, 0x00, 0x8A, 0x7F, 0x7F, 0x45, 0x01, 0x1B, 0xA9, 0x92, 0x00, 0x77, 0x7F, 0x7F, 0x46,
    0x01, 0x62, 0xEE, 0x91, 0x00, 0x65, 0x7F, 0x7F, 0x46, 0x01, 0x19, 0xA4, 0x91, 0x00, 0x55, 0x7F,
    0x7F, 0x47, 0x01, 0x57, 0xE0, 0x90, 0x00, 0x47, 0x7F, 0x7F, 0x47, 0x01, 0x09, 0x90, 0x8F, 0x01,
    0xFE, 0x3A, 0x7F, 0x7F, 0x48, 0x01, 0x3E, 0xC4, 0x8E, 0x01, 0xF3, 0x30, 0x7F, 0x7F, 0x49, 0x01,
    0x6E, 0xF2, 0x8D, 0x01, 0xEA, 0x28, 0x7F, 0x7F, 0x49, 0x01, 0x17, 0x99, 0x8D, 0x01, 0xE3, 0x23,
    0x7F, 0x7F, 0x4A, 0x01, 0x3E, 0xBE, 0x8C, 0x01, 0xDF, 0x20, 0x7F, 0x7F, 0x4B, 0x01, 0x60, 0xDE,
    0x8B, 0x01, 0xDD, 0x20, 0x7F, 0x7F, 0x4C, 0x01, 0x7C, 0xF8, 0x8A, 0x01, 0xDF, 0x23, 0x7F, 0x7F,
    0x4C, 0x01, 0x19, 0x93, 0x8A, 0x01, 0xE3, 0x29, 0x7F, 0x7F, 0x4D, 0x01, 0x2D, 0xA5, 0x89, 0x01,
    0xEA, 0x32, 0x7F, 0x7F, 0x4E, 0x01, 0x3B, 0xB1, 0x88, 0x01, 0xF5, 0x3F, 0x7F, 0x7F, 0x4F, 0x01,
    0x44, 0xB8, 0x88, 0x00, 0x50, 0x7F, 0x7F, 0x50, 0x01, 0x47, 0xB9, 0x87, 0x00, 0x65, 0x7F, 0x7F,
    0x51, 0x01, 0x45, 0xB4, 0x86, 0x00, 0x7E, 0x7F, 0x7F, 0x52, 0x01, 0x3D, 0xAA, 0x85, 0x00, 0x9C,
    0x7F, 0x7F, 0x53, 0x01, 0x30, 0x9B, 0x84, 0x01, 0xBE, 0x17, 0x7F, 0x7F, 0x53, 0x02, 0x1D, 0x86,
    0xEE, 0x82, 0x01, 0xE6, 0x42, 0x7F, 0x7F, 0x54, 0x02, 0x05, 0x6C, 0xD2, 0x82, 0x00, 0x74, 0x7F,
    0x7F, 0x56, 0x05, 0x4C, 0xB0, 0xFF, 0xFF, 0xAB, 0x13, 0x7F, 0x7F, 0x56, 0x04, 0x27, 0x89, 0xE9,
    0xE9, 0x56, 0x7F, 0x7F, 0x58, 0x03, 0x5C, 0xBA, 0xA1, 0x18, 0x7F, 0x7F, 0x58, 0x02, 0x29, 0x85,
    0x73, 0x7F, 0x7F, 0x5A, 0x01, 0x4B, 0x69, 0x7F, 0x7F, 0x7F, 0x7F, 0x7F, 0x7F, 0x7F, 0x7F, 0x7F,
    0x7F, 0x7F, 0x7F, 0x7F, 0x7F, 0x7F, 0x7F, 0x7F, 0x7F, 0x7F, 0x7F, 0x7F, 0x7F, 0x7F, 0x7F, 0x7F,
    0x7F, 0x7F, 0x7F, 0x7F, 0x7F, 0x7F, 0x7F, 0x7F, 0x7F, 0x7F, 0x7F, 0x7F, 0x7F, 0x7F, 0x7F, 0x7F,
    0x7F, 0x7F, 0x7F, 0x7F, 0x7F, 0x51, 0x00, 0x7A, 0x7F, 0x7F, 0x59, 0x00, 0x29, 0x7F, 0x7F, 0x5A,
    0x00, 0x79, 0x7F, 0x7F, 0x59, 0x01, 0x5C, 0x1C, 0x7F, 0x7F, 0x59, 0x00, 0xA5, 0x7F, 0x7F, 0x59,
    0x01, 0x89, 0x5B, 0x7F, 0x7F, 0x58, 0x02, 0x27, 0xEF, 0x1A, 0x7F, 0x7F, 0x58, 0x01, 0xB0, 0xB3,
    0x7F, 0x7F, 0x58, 0x02, 0x4C, 0xFF, 0x7E, 0x7F, 0x7F, 0x58, 0x02, 0xD2, 0xFF, 0x50, 0x7F, 0x7F,
    0x57, 0x03, 0x6C, 0xFF, 0xF5, 0x28, 0x7F, 0x7F, 0x56, 0x04, 0x05, 0xEE, 0xFF, 0xD1, 0x06, 0x7F,
    0x7F, 0x56, 0x03, 0x86, 0xFF, 0xFF, 0xB2, 0x7F, 0x7F, 0x56, 0x00, 0x1D, 0x82, 0x00, 0x99, 0x7F,
    0x7F, 0x56, 0x00, 0x9B, 0x82, 0x00, 0x84, 0x7F, 0x7F, 0x55, 0x00, 0x30, 0x83, 0x00, 0x73, 0x7F,
    0x7F, 0x55, 0x00, 0xAA, 0x83, 0x00, 0x66, 0x7F, 0x7F, 0x54, 0x00, 0x3D, 0x84, 0x00, 0x5E, 0x7F,
    0x7F, 0x54, 0x00, 0xB4, 0x84, 0x00, 0x59, 0x7F, 0x7F, 0x53, 0x00, 0x45, 0x85, 0x00, 0x57, 0x7F,
    0x7F, 0x53, 0x00, 0xB9, 0x85, 0x00, 0x59, 0x7F, 0x7F, 0x52, 0x00, 0x47, 0x86, 0x00, 0x5D, 0x7F,
    0x7F, 0x52, 0x00, 0xB8, 0x86, 0x00, 0x65, 0x7F, 0x7F, 0x51, 0x00, 0x44, 0x87, 0x00, 0x6E, 0x7F,
    0x7F, 0x51, 0x00, 0xB1, 0x87, 0x00, 0x7B, 0x7F, 0x7F, 0x50, 0x00, 0x3B, 0x88, 0x00, 0x89, 0x7F,
    0x7F, 0x50, 0x00, 0xA5, 0x88, 0x00, 0x9A, 0x7F, 0x7F, 0x4F, 0x00, 0x2D, 0x89, 0x00, 0xAC, 0x7F,
    0x7F, 0x4F, 0x00, 0x93, 0x89, 0x01, 0xC0, 0x0D, 0x7F, 0x7F, 0x4D, 0x01, 0x19, 0xF8, 0x89, 0x01,
    0xD6, 0x24, 0x7F, 0x7F, 0x4D, 0x00, 0x7C, 0x8A, 0x01, 0xED, 0x3C, 0x7F, 0x7F, 0x4D, 0x00, 0xDE,
    0x8B, 0x00, 0x55, 0x7F, 0x7F, 0x4C, 0x00, 0x60, 0x8C, 0x00, 0x6F, 0x7F, 0x7F, 0x4C, 0x00, 0xBE,
    0x8C, 0x00, 0x8B, 0x7F, 0x7F, 0x4B, 0x00, 0x3E, 0x8D, 0x00, 0xA7, 0x7F, 0x7F, 0x4B, 0x00, 0x99,
    0x8D, 0x01, 0xC3, 0x16, 0x7F, 0x7F, 0x49, 0x01, 0x17, 0xF2, 0x8D, 0x01, 0xE1, 0x34, 0x7F, 0x7F,
    0x49, 0x00, 0x6E, 0x8E, 0x01, 0xFE, 0x52, 0x7F, 0x7F, 0x49, 0x00, 0xC4, 0x8F, 0x00, 0x70, 0x7F,
    0x7F, 0x48, 0x00, 0x3E, 0x90, 0x00, 0x8F, 0x7F, 0x7F, 0x48, 0x00, 0x90, 0x90, 0x01, 0xAE, 0x03,
    0x7F, 0x7F, 0x46, 0x01, 0x09, 0xE0, 0x90, 0x01, 0xCC, 0x22, 0x7F, 0x7F, 0x46, 0x00, 0x57, 0x91,
    0x01, 0xEA, 0x40, 0x7F, 0x7F, 0x46, 0x00, 0xA4, 0x92, 0x00, 0x5E, 0x7F, 0x7F, 0x45, 0x01, 0x19,
    0xEE, 0x92, 0x00, 0x7C, 0x7F, 0x7F, 0x45, 0x00, 0x62, 0x93, 0x00, 0x99, 0x7F, 0x7F, 0x45, 0x00,
    0xA9, 0x93, 0x01, 0xB6, 0x0C, 0x7F, 0x7F, 0x43, 0x01, 0x1B, 0xEE, 0x93, 0x01, 0xD2, 0x28, 0x7F,
    0x7F, 0x43, 0x00, 0x5F, 0x94, 0x01, 0xED, 0x43, 0x7F, 0x7F, 0x43, 0x00, 0xA1, 0x95, 0x00, 0x5D,
    0x7F, 0x7F, 0x42, 0x01, 0x0F, 0xE0, 0x95, 0x00, 0x76, 0x7F, 0x7F, 0x42, 0x00, 0x4D, 0x96, 0x00,
    0x8E, 0x7F, 0x7F, 0x42, 0x00, 0x8A, 0x96, 0x00, 0xA5, 0x7F, 0x7F, 0x42, 0x00, 0xC4, 0x96, 0x01,
    0xBB, 0x0F, 0x7F, 0x7F, 0x02, 0x00, 0x2E, 0xFC, 0x96, 0x01, 0xCF, 0x23, 0x7F, 0x7F, 0x01, 0x00,
    0x64, 0x97, 0x01, 0xE3, 0x36, 0x7F, 0x7F, 0x01, 0x00, 0x99, 0x97, 0x01, 0xF4, 0x48, 0x7F, 0x7F,
    0x01, 0x00, 0xCB, 0x98, 0x00, 0x57, 0x7F, 0x7F, 0x01, 0x31, 0xFC, 0x98, 0x00, 0x66, 0x7F, 0x7F,
    0x00, 0x60, 0x99, 0x00, 0x73, 0x7F, 0x7F, 0x00, 0x8D, 0x99, 0x00, 0x7E, 0x7F, 0x7F, 0x00, 0xB8,
    0x99, 0x00, 0x88, 0x7F, 0x7E, 0x01, 0x19, 0xE0, 0x99, 0x00, 0x90, 0x7F, 0x7E, 0x00, 0x40, 0x9A,
    0x00, 0x97, 0x7F, 0x7E, 0x00, 0x66, 0x9A, 0x00, 0x9C, 0x7F, 0x7E, 0x00, 0x89, 0x9A, 0x00, 0x9F,
    0x7F, 0x7E, 0x00, 0xA9, 0x9A, 0x00, 0xA1, 0x7F, 0x7D, 0x01, 0x05, 0xC8, 0x9A, 0x00, 0xA1, 0x7F,
    0x7D, 0x01, 0x23, 0xE5, 0x9A, 0x00, 0x9F, 0x7F, 0x7D, 0x00, 0x3E, 0x9B, 0x00, 0x9C, 0x7F, 0x7D,
    0x00, 0x57, 0x9B, 0x00, 0x97, 0x7F, 0x7D, 0x00, 0x6E, 0x9B, 0x00, 0x90, 0x7F, 0x7D, 0x00, 0x83,
    0x9B, 0x00, 0x88, 0x7F, 0x7D, 0x00, 0x96, 0x9B, 0x00, 0x7E, 0x7F, 0x7D, 0x00, 0xA6, 0x9B, 0x00,
    0x73, 0x7F, 0x7D, 0x00, 0xB4, 0x9B, 0x00, 0x66, 0x7F, 0x7C, 0x01, 0x06, 0xC0, 0x9B, 0x00, 0x57,
    0x7F, 0x7C, 0x01, 0x11, 0xCA, 0x9B, 0x00, 0x48, 0x7F, 0x7C, 0x01, 0x1A, 0xD2, 0x9A, 0x01, 0xF4,
    0x36, 0x7F, 0x7C, 0x01, 0x21, 0xD7, 0x9A, 0x01, 0xE3, 0x23, 0x7F, 0x7C, 0x01, 0x25, 0xDB, 0x9A,
    0x01, 0xCF, 0x0F, 0x7F, 0x7C, 0x01, 0x27, 0xDC, 0x9A, 0x00, 0xBB, 0x7F, 0x7D, 0x01, 0x27, 0xDB,
    0x9A, 0x00, 0xA5, 0x7F, 0x7D, 0x01, 0x25, 0xD7, 0x9A, 0x00, 0x8E, 0x7F, 0x7D, 0x01, 0x21, 0xD2,
    0x9A, 0x00, 0x76, 0x7F, 0x7D, 0x01, 0x1A, 0xCA, 0x9A, 0x00, 0x5D, 0x7F, 0x7D, 0x01, 0x11, 0xC0,
    0x9A, 0x00, 0x43, 0x7F, 0x7D, 0x01, 0x06, 0xB4, 0x99, 0x01, 0xED, 0x28, 0x7F, 0x7E, 0x00, 0xA6,
    0x99, 0x01, 0xD2, 0x0C, 0x7F, 0x7E, 0x00, 0x96, 0x99, 0x00, 0xB6, 0x7F, 0x7F, 0x00, 0x83, 0x99,
    0x00, 0x99, 0x7F, 0x7F, 0x00, 0x6E, 0x99, 0x00, 0x7C, 0x7F, 0x7F, 0x00, 0x57, 0x99, 0x00, 0x5E,
    0x7F, 0x7F, 0x01, 0x3E, 0xE5, 0x98, 0x00, 0x40, 0x7F, 0x7F, 0x01, 0x23, 0xC8, 0x97, 0x01, 0xEA,
    0x22, 0x7F, 0x7F, 0x01, 0x05, 0xA9, 0x97, 0x01, 0xCC, 0x03, 0x7F, 0x7F, 0x01, 0x00, 0x89, 0x97,
    0x00, 0xAE, 0x7F, 0x7F, 0x02, 0x00, 0x00, 0x66, 0x97, 0x00, 0x8F, 0x7F, 0x7F, 0x03, 0x00, 0x00,
    0x40, 0xE0, 0x96, 0x00, 0x70, 0x7F, 0x7F, 0x03, 0x00, 0x00, 0x19, 0xB8, 0x96, 0x00, 0x52, 0x7F,
    0x7F, 0x42, 0x00, 0x8D, 0x95, 0x01, 0xFE, 0x34, 0x7F, 0x7F, 0x42, 0x01, 0x60, 0xFC, 0x94, 0x01,
    0xE1, 0x16, 0x7F, 0x7F, 0x42, 0x01, 0x31, 0xCB, 0x94, 0x00, 0xC3, 0x7F, 0x7F, 0x44, 0x00, 0x99,
    0x94, 0x00, 0xA7, 0x7F, 0x7F, 0x44, 0x01, 0x64, 0xFC, 0x93, 0x00, 0x8B, 0x7F, 0x7F, 0x44, 0x01,
    0x2E, 0xC4, 0x93, 0x00, 0x6F, 0x7F, 0x7F, 0x45, 0x00, 0x8A, 0x93, 0x00, 0x55, 0x7F, 0x7F, 0x45,
    0x01, 0x4D, 0xE0, 0x92, 0x00, 0x3C, 0x7F, 0x7F, 0x45, 0x01, 0x0F, 0xA1, 0x91, 0x01, 0xED, 0x24,
    0x7F, 0x7F, 0x46, 0x01, 0x5F, 0xEE, 0x90, 0x01, 0xD6, 0x0D, 0x7F, 0x7F, 0x46, 0x01, 0x1B, 0xA9,
    0x90, 0x00, 0xC0, 0x7F, 0x7F, 0x48, 0x01, 0x62, 0xEE, 0x8F, 0x00, 0xAC, 0x7F, 0x7F, 0x48, 0x01,
    0x19, 0xA4, 0x8F, 0x00, 0x9A, 0x7F, 0x7F, 0x49, 0x01, 0x57, 0xE0, 0x8E, 0x00, 0x89, 0x7F, 0x7F,
    0x49, 0x01, 0x09, 0x90, 0x8E, 0x00, 0x7B, 0x7F, 0x7F, 0x4A, 0x01, 0x3E, 0xC4, 0x8D, 0x00, 0x6E,
    0x7F, 0x7F, 0x4B, 0x01, 0x6E, 0xF2, 0x8C, 0x00, 0x65, 0x7F, 0x7F, 0x4B, 0x01, 0x17, 0x99, 0x8C,
    0x00, 0x5D, 0x7F, 0x7F, 0x4C, 0x01, 0x3E, 0xBE, 0x8B, 0x00, 0x59, 0x7F, 0x7F, 0x4D, 0x01, 0x60,
    0xDE, 0x8A, 0x00, 0x57, 0x7F, 0x7F, 0x4E, 0x01, 0x7C, 0xF8, 0x89, 0x00, 0x59, 0x7F, 0x7F, 0x4E,
    0x01, 0x19, 0x93, 0x89, 0x00, 0x5E, 0x7F, 0x7F, 0x4F, 0x01, 0x2D, 0xA5, 0x88, 0x00, 0x66, 0x7F,
    0x7F, 0x50, 0x01, 0x3B, 0xB1, 0x87, 0x00, 0x73, 0x7F, 0x7F, 0x51, 0x01, 0x44, 0xB8, 0x86, 0x00,
    0x84, 0x7F, 0x7F, 0x52, 0x01, 0x47, 0xB9, 0x85, 0x00, 0x99, 0x7F, 0x7F, 0x53, 0x01, 0x45, 0xB4,
    0x84, 0x01, 0xB2, 0x06, 0x7F, 0x7F, 0x53, 0x01, 0x3D, 0xAA, 0x83, 0x01, 0xD1, 0x28, 0x7F, 0x7F,
    0x54, 0x01, 0x30, 0x9B, 0x82, 0x01, 0xF5, 0x50, 0x7F, 0x7F, 0x55, 0x05, 0x1D, 0x86, 0xEE, 0xFF,
    0xFF, 0x7E, 0x7F, 0x7F, 0x56, 0x05, 0x05, 0x6C, 0xD2, 0xFF, 0xB3, 0x1A, 0x7F, 0x7F, 0x57, 0x03,
    0x4C, 0xB0, 0xEF, 0x5B, 0x7F, 0x7F, 0x58, 0x03, 0x27, 0x89, 0xA5, 0x1C, 0x7F, 0x7F, 0x59, 0x01,
    0x5C, 0x79, 0x7F, 0x7F, 0x5A, 0x01, 0x29, 0x7A, 0x7F, 0x7F, 0x7F, 0x7F, 0x7F, 0x7F, 0x7F, 0x7F,
    0x7F, 0x7F, 0x7F, 0x7F, 0x7F, 0x7F, 0x7F, 0x7F, 0x7F, 0x7F, 0x7F, 0x7F, 0x7F, 0x7F, 0x7F, 0x7F,
    0x7F, 0x7F, 0x7F, 0x7F, 0x7F, 0x7F, 0x7F, 0x7F, 0x7F, 0x7F, 0x7F, 0x7F, 0x7F, 0x7F, 0x7F, 0x7F,
    0x7F, 0x7F, 0x7F, 0x7F, 0x7F, 0x7F, 0x7F, 0x7F, 0x6F, 0x00, 0x7A, 0x7F, 0x7F, 0x59, 0x00, 0x29,
    0x7F, 0x7F, 0x5A, 0x00, 0x79, 0x7F, 0x7F, 0x59, 0x01, 0x5C, 0x1C, 0x7F, 0x7F, 0x59, 0x00, 0xA5,
    0x7F, 0x7F, 0x59, 0x01, 0x89, 0x5B, 0x7F, 0x7F, 0x58, 0x02, 0x27, 0xEF, 0x1A, 0x7F, 0x7F, 0x58,
    0x01, 0xB0, 0xB3, 0x7F, 0x7F, 0x58, 0x02, 0x4C, 0xFF, 0x7E, 0x7F, 0x7F, 0x58, 0x02, 0xD2, 0xFF,
    0x50, 0x7F, 0x7F, 0x57, 0x03, 0x6C, 0xFF, 0xF5, 0x28, 0x7F, 0x7F, 0x56, 0x04, 0x05, 0xEE, 0xFF,
    0xD1, 0x06, 0x7F, 0x7F, 0x56, 0x03, 0x86, 0xFF, 0xFF, 0xB2, 0x7F, 0x7F, 0x56, 0x00, 0x1D, 0x82,
    0x00, 0x99, 0x7F, 0x7F, 0x56, 0x00, 0x9B, 0x82, 0x00, 0x84, 0x7F, 0x7F, 0x55, 0x00, 0x30, 0x83,
    0x00, 0x73, 0x7F, 0x7F, 0x55, 0x00, 0xAA, 0x83, 0x00, 0x66, 0x7F, 0x7F, 0x54, 0x00, 0x3D, 0x84,
    0x00, 0x5E, 0x7F, 0x7F, 0x54, 0x00, 0xB4, 0x84, 0x00, 0x59, 0x7F, 0x7F, 0x53, 0x00, 0x45, 0x85,
    0x00, 0x57, 0x7F, 0x7F, 0x53, 0x00, 0xB9, 0x85, 0x00, 0x59, 0x7F, 0x7F, 0x52, 0x00, 0x47, 0x86,
    0x00, 0x5D, 0x7F, 0x7F, 0x52, 0x00, 0xB8, 0x86, 0x00, 0x65, 0x7F, 0x7F, 0x51, 0x00, 0x44, 0x87,
    0x00, 0x6E, 0x7F, 0x7F, 0x51, 0x00, 0xB1, 0x87, 0x00, 0x7B, 0x7F, 0x7F, 0x50, 0x00, 0x3B, 0x88,
    0x00, 0x89, 0x7F, 0x7F, 0x50, 0x00, 0xA5, 0x88, 0x00, 0x9A, 0x7F, 0x7F, 0x4F, 0x00, 0x2D, 0x89,
    0x00, 0xAC, 0x7F, 0x7F, 0x4F, 0x00, 0x93, 0x89, 0x01, 0xC0, 0x0D, 0x7F, 0x7F, 0x4D, 0x01, 0x19,
    0xF8, 0x89, 0x01, 0xD6, 0x24, 0x7F, 0x7F, 0x4D, 0x00, 0x7C, 0x8A, 0x01, 0xED, 0x3C, 0x7F, 0x7F,
    0x4D, 0x00, 0xDE, 0x8B, 0x00, 0x55, 0x7F, 0x7F, 0x4C, 0x00, 0x60, 0x8C, 0x00, 0x6F, 0x7F, 0x7F,
    0x4C, 0x00, 0xBE, 0x8C, 0x00, 0x8B, 0x7F, 0x7F, 0x4B, 0x00, 0x3E, 0x8D, 0x00, 0xA7, 0x7F, 0x7F,
    0x4B, 0x00, 0x99, 0x8D, 0x01, 0xC3, 0x16, 0x7F, 0x7F, 0x49, 0x01, 0x17, 0xF2, 0x8D, 0x01, 0xE1,
    0x34, 0x7F, 0x7F, 0x49, 0x00, 0x6E, 0x8E, 0x01, 0xFE, 0x52, 0x7F, 0x7F, 0x49, 0x00, 0xC4, 0x8F,
    0x00, 0x70, 0x7F, 0x7F, 0x48, 0x00, 0x3E, 0x90, 0x00, 0x8F, 0x7F, 0x7F, 0x48, 0x00, 0x90, 0x90,
    0x01, 0xAE, 0x03, 0x7F, 0x7F, 0x46, 0x01, 0x09, 0xE0, 0x90, 0x01, 0xCC, 0x22, 0x7F, 0x7F, 0x46,
    0x00, 0x57, 0x91, 0x01, 0xEA, 0x40, 0x7F, 0x7F, 0x46, 0x00, 0xA4, 0x92, 0x00, 0x5E, 0x7F, 0x7F,
    0x45, 0x01, 0x19, 0xEE, 0x92, 0x00, 0x7C, 0x7F, 0x7F, 0x45, 0x00, 0x62, 0x93, 0x00, 0x99, 0x7F,
    0x7F, 0x45, 0x00, 0xA9, 0x93, 0x01, 0xB6, 0x0C, 0x7F, 0x7F, 0x43, 0x01, 0x1B, 0xEE, 0x93, 0x01,
    0xD2, 0x28, 0x7F, 0x7F, 0x43, 0x00, 0x5F, 0x94, 0x01, 0xED, 0x43, 0x7F, 0x7F, 0x43, 0x00, 0xA1,
    0x95, 0x00, 0x5D, 0x7F, 0x7F, 0x42, 0x01, 0x0F, 0xE0, 0x95, 0x00, 0x76, 0x7F, 0x7F, 0x42, 0x00,
    0x4D, 0x96, 0x00, 0x8E, 0x7F, 0x7F, 0x42, 0x00, 0x8A, 0x96, 0x00, 0xA5, 0x7F, 0x7F, 0x42, 0x00,
    0xC4, 0x96, 0x01, 0xBB, 0x0F, 0x7F, 0x7F, 0x02, 0x00, 0x2E, 0xFC, 0x96, 0x01, 0xCF, 0x23, 0x7F,
    0x7F, 0x01, 0x00, 0x64, 0x97, 0x01, 0xE3, 0x36, 0x7F, 0x7F, 0x01, 0x00, 0x99, 0x97, 0x01, 0xF4,
    0x48, 0x7F, 0x7F, 0x01, 0x00, 0xCB, 0x98, 0x00, 0x57, 0x7F, 0x7F, 0x01, 0x31, 0xFC, 0x98, 0x00,
    0x66, 0x7F, 0x7F, 0x00, 0x60, 0x99, 0x00, 0x73, 0x7F, 0x7F, 0x00, 0x8D, 0x99, 0x00, 0x7E, 0x7F,
    0x7F, 0x00, 0xB8, 0x99, 0x00, 0x88, 0x7F, 0x7E, 0x01, 0x19, 0xE0, 0x99, 0x00, 0x90, 0x7F, 0x7E,
    0x00, 0x40, 0x9A, 0x00, 0x97, 0x7F, 0x7E, 0x00, 0x66, 0x9A, 0x00, 0x9C, 0x7F, 0x7E, 0x00, 0x89,
    0x9A, 0x00, 0x9F, 0x7F, 0x7E, 0x00, 0xA9, 0x9A, 0x00, 0xA1, 0x7F, 0x7D, 0x01, 0x05, 0xC8, 0x9A,
    0x00, 0xA1, 0x7F, 0x7D, 0x01, 0x23, 0xE5, 0x9A, 0x00, 0x9F, 0x7F, 0x7D, 0x00, 0x3E, 0x9B, 0x00,
    0x9C, 0x7F, 0x7D, 0x00, 0x57, 0x9B, 0x00, 0x97, 0x7F, 0x7D, 0x00, 0x6E, 0x9B, 0x00, 0x90, 0x7F,
    0x7D, 0x00, 0x83, 0x9B, 0x00, 0x88, 0x7F, 0x7D, 0x00, 0x96, 0x9B, 0x00, 0x7E, 0x7F, 0x7D, 0x00,
    0xA6, 0x9B, 0x00, 0x73, 0x7F, 0x7D, 0x00, 0xB4, 0x9B, 0x00, 0x66, 0x7F, 0x7C, 0x01, 0x06, 0xC0,
    0x9B, 0x00, 0x57, 0x7F, 0x7C, 0x01, 0x11, 0xCA, 0x9B, 0x00, 0x48, 0x7F, 0x7C, 0x01, 0x1A, 0xD2,
    0x9A, 0x01, 0xF4, 0x36, 0x7F, 0x7C, 0x01, 0x21, 0xD7, 0x9A, 0x01, 0xE3, 0x23, 0x7F, 0x7C, 0x01,
    0x25, 0xDB, 0x9A, 0x01, 0xCF, 0x0F, 0x7F, 0x7C, 0x01, 0x27, 0xDC, 0x9A, 0x00, 0xBB, 0x7F, 0x7D,
    0x01, 0x27, 0xDB, 0x9A, 0x00, 0xA5, 0x7F, 0x7D, 0x01, 0x25, 0xD7, 0x9A, 0x00, 0x8E, 0x7F, 0x7D,
    0x01, 0x21, 0xD2, 0x9A, 0x00, 0x76, 0x7F, 0x7D, 0x01, 0x1A, 0xCA, 0x9A, 0x00, 0x5D, 0x7F, 0x7D,
    0x01, 0x11, 0xC0, 0x9A, 0x00, 0x43, 0x7F, 0x7D, 0x01, 0x06, 0xB4, 0x99, 0x01, 0xED, 0x28, 0x7F,
    0x7E, 0x00, 0xA6, 0x99, 0x01, 0xD2, 0x0C, 0x7F, 0x7E, 0x00, 0x96, 0x99, 0x00, 0xB6, 0x7F, 0x7F,
    0x00, 0x83, 0x99, 0x00, 0x99, 0x7F, 0x7F, 0x00, 0x6E, 0x99, 0x00, 0x7C, 0x7F, 0x7F, 0x00, 0x57,
    0x99, 0x00, 0x5E, 0x7F, 0x7F, 0x01, 0x3E, 0xE5, 0x98, 0x00, 0x40, 0x7F, 0x7F, 0x01, 0x23, 0xC8,
    0x97, 0x01, 0xEA, 0x22, 0x7F, 0x7F, 0x01, 0x05, 0xA9, 0x97, 0x01, 0xCC, 0x03, 0x7F, 0x7F, 0x01,
    0x00, 0x89, 0x97, 0x00, 0xAE, 0x7F, 0x7F, 0x02, 0x00, 0x00, 0x66, 0x97, 0x00, 0x8F, 0x7F, 0x7F,
    0x03, 0x00, 0x00, 0x40, 0xE0, 0x96, 0x00, 0x70, 0x7F, 0x7F, 0x03, 0x00, 0x00, 0x19, 0xB8, 0x96,
    0x00, 0x52, 0x7F, 0x7F, 0x42, 0x00, 0x8D, 0x95, 0x01, 0xFE, 0x34, 0x7F, 0x7F, 0x42, 0x01, 0x60,
    0xFC, 0x94, 0x01, 0xE1, 0x16, 0x7F, 0x7F, 0x42, 0x01, 0x31, 0xCB, 0x94, 0x00, 0xC3, 0x7F, 0x7F,
    0x44, 0x00, 0x99, 0x94, 0x00, 0xA7, 0x7F, 0x7F, 0x44, 0x01, 0x64, 0xFC, 0x93, 0x00, 0x8B, 0x7F,
    0x7F, 0x44, 0x01, 0x2E, 0xC4, 0x93, 0x00, 0x6F, 0x7F, 0x7F, 0x45, 0x00, 0x8A, 0x93, 0x00, 0x55,
    0x7F, 0x7F, 0x45, 0x01, 0x4D, 0xE0, 0x92, 0x00, 0x3C, 0x7F, 0x7F, 0x45, 0x01, 0x0F, 0xA1, 0x91,
    0x01, 0xED, 0x24, 0x7F, 0x7F, 0x46, 0x01, 0x5F, 0xEE, 0x90, 0x01, 0xD6, 0x0D, 0x7F, 0x7F, 0x46,
    0x01, 0x1B, 0xA9, 0x90, 0x00, 0xC0, 0x7F, 0x7F, 0x48, 0x01, 0x62, 0xEE, 0x8F, 0x00, 0xAC, 0x7F,
    0x7F, 0x48, 0x01, 0x19, 0xA4, 0x8F, 0x00, 0x9A, 0x7F, 0x7F, 0x49, 0x01, 0x57, 0xE0, 0x8E, 0x00,
    0x89, 0x7F, 0x7F, 0x49, 0x01, 0x09, 0x90, 0x8E, 0x00, 0x7B, 0x7F, 0x7F, 0x4A, 0x01, 0x3E, 0xC4,
    0x8D, 0x00, 0x6E, 0x7F, 0x7F, 0x4B, 0x01, 0x6E, 0xF2, 0x8C, 0x00, 0x65, 0x7F, 0x7F, 0x4B, 0x01,
    0x17, 0x99, 0x8C, 0x00, 0x5D, 0x7F, 0x7F, 0x4C, 0x01, 0x3E, 0xBE, 0x8B, 0x00, 0x59, 0x7F, 0x7F,
    0x4D, 0x01, 0x60, 0xDE, 0x8A, 0x00, 0x57, 0x7F, 0x7F, 0x4E, 0x01, 0x7C, 0xF8, 0x89, 0x00, 0x59,
    0x7F, 0x7F, 0x4E, 0x01, 0x19, 0x93, 0x89, 0x00, 0x5E, 0x7F, 0x7F, 0x4F, 0x01, 0x2D, 0xA5, 0x88,
    0x00, 0x66, 0x7F, 0x7F, 0x50, 0x01, 0x3B, 0xB1, 0x87, 0x00, 0x73, 0x7F, 0x7F, 0x51, 0x01, 0x44,
    0xB8, 0x86, 0x00, 0x84, 0x7F, 0x7F, 0x52, 0x01, 0x47, 0xB9, 0x85, 0x00, 0x99, 0x7F, 0x7F, 0x53,
    0x01, 0x45, 0xB4, 0x84, 0x01, 0xB2, 0x06, 0x7F, 0x7F, 0x53, 0x01, 0x3D, 0xAA, 0x83, 0x01, 0xD1,
    0x28, 0x7F, 0x7F, 0x54, 0x01, 0x30, 0x9B, 0x82, 0x01, 0xF5, 0x50, 0x7F, 0x7F, 0x55, 0x05, 0x1D,
    0x86, 0xEE, 0xFF, 0xFF, 0x7E, 0x7F, 0x7F, 0x56, 0x05, 0x05, 0x6C, 0xD2, 0xFF, 0xB3, 0x1A, 0x7F,
    0x7F, 0x57, 0x03, 0x4C, 0xB0, 0xEF, 0x5B, 0x7F, 0x7F, 0x58, 0x03, 0x27, 0x89, 0xA5, 0x1C, 0x7F,
    0x7F, 0x59, 0x01, 0x5C, 0x79, 0x7F, 0x7F, 0x5A, 0x01, 0x29, 0x7A, 0x7F, 0x7F, 0x7F, 0x7F, 0x7F,
    0x7F, 0x7F, 0x7F, 0x7F, 0x7F, 0x7F, 0x7F, 0x7F, 0x7F, 0x7F, 0x7F, 0x7F, 0x7F, 0x7F, 0x7F, 0x7F,
    0x7F
};
} // namespace watchbuttonmasks
